seed,arm,n,aad,aad_water,aad_nonwater,n_iter_eval,h_solute,steps,emd_mean,emd_max,frac_below_floor,l1_moved_mean,n_frozen
42,исходный выученный,2875,1.3508867154222988,2.5594276170841344,0.4549121160073461,30,3.2227439741265127,,,,,,
42,mean,2875,0.7045751588630703,0.9706023617211536,0.5073508727950546,30,2.873747296643696,36.0,0.39659231901168823,1.179535150527954,0.6428571428571429,0.16933824121952057,0.0
42,per_molecule,2875,0.8823262250051657,1.380984634871982,0.5126364044860965,30,2.8688822175365445,1445.0,0.38654792308807373,0.39996060729026794,1.0,0.16987457871437073,126.0
42,"пулёвый, равные шаги",2875,0.7600890274948101,1.2512163486276315,0.39598252170039855,30,1.8848735148847837,1445.0,0.1045902669429779,0.42281413078308105,,0.34471750259399414,
43,исходный выученный,2875,1.2021139885756233,2.1645648740548435,0.4885828657248872,30,2.948033103643397,,,,,,
43,mean,2875,0.7915571970657339,1.048299316252345,0.6012165829625163,30,2.4391438038679216,63.0,0.3977966904640198,1.27494478225708,0.6111111111111112,0.22192682325839996,0.0
43,per_molecule,2875,0.797690031266884,1.0726223056725808,0.5938638023919154,30,2.42992023929656,622.0,0.3709373474121094,0.3998755216598511,1.0,0.2207295000553131,126.0
43,"пулёвый, равные шаги",2875,0.7027803775132497,0.829395316017061,0.6089120039646942,30,1.7631711096565137,622.0,0.137799471616745,0.39189475774765015,,0.36107009649276733,
44,исходный выученный,2875,1.389747108979934,2.4519874084088222,0.6022352213355008,30,3.0098539850091592,,,,,,
44,mean,2875,1.0420245951966032,1.6600014423947635,0.5838757999388514,30,2.7346621158889755,32.0,0.39767274260520935,1.4660483598709106,0.5952380952380952,0.14653617143630981,0.0
44,per_molecule,2875,1.1932313832840633,1.9987820873605042,0.5960211702074046,30,2.7065022833317154,1102.0,0.36351636052131653,0.39989790320396423,1.0,0.15108777582645416,126.0
44,"пулёвый, равные шаги",2875,1.071957854954214,1.8443034920219095,0.4993648447962132,30,1.8914685022825726,1102.0,0.11505604535341263,0.39518120884895325,,0.34086737036705017,
45,исходный выученный,2875,1.3240133920356345,2.4438005353150167,0.49383806594601404,30,3.173214118089763,,,,,,
45,mean,2875,0.764444712778855,1.040181735589462,0.5600218684904341,30,2.773841978209994,41.0,0.3976766765117645,1.098363995552063,0.6031746031746031,0.1826690137386322,0.0
45,per_molecule,2875,0.85148025254285,1.2953492783022267,0.5224095756624881,30,2.7195164507836047,282.0,0.37868043780326843,0.39995235204696655,1.0,0.1866004467010498,126.0
45,"пулёвый, равные шаги",2875,0.8481349896241483,1.26655707270218,0.5379298838170554,30,2.244744371873486,282.0,0.17061582207679749,0.3949751853942871,,0.3144524097442627,
46,исходный выученный,2875,1.393744875901512,2.3889866092187018,0.6559036393295915,30,3.000718858468348,,,,,,
46,mean,2875,0.8261136482216245,1.115390730043838,0.6116526257198744,30,2.735601174313112,28.0,0.3949509263038635,1.4035605192184448,0.6190476190476191,0.13293056190013885,0.0
46,per_molecule,2875,0.907286478587233,1.419689655403397,0.5274067157628934,30,2.699724670340175,1707.0,0.3643978536128998,0.39997488260269165,1.0,0.1475883424282074,126.0
46,"пулёвый, равные шаги",2875,0.8598931362372843,1.40965440931417,0.4523172439016643,30,1.8294541147649577,1707.0,0.09833859652280807,0.3986101448535919,,0.3274482190608978,
