seed,window,n_bins,aad,aad_aqueous,aad_nonaqueous,kind,aad_sd_over_draws
42,ничего не подставлено,0,1.7769482101657257,3.3369599097337552,0.5061864369496246,база,
42,донорное окно,17,2.0106744484893766,3.5866832623972726,0.7268816695503706,окно,
42,ядро,17,1.130017328720415,1.691677881127405,0.6724971961984104,окно,
42,акцепторное окно,17,1.6003163666697082,2.6782774312988176,0.7222256995770756,окно,
42,все бины (потолок),51,1.013672046088451,1.716975371127929,0.4407718680427205,окно,
42,СЛУЧАЙНЫЕ 17 бинов (нуль к «донорное окно»),17,1.391288988496294,,,нуль,0.4351525512939831
42,СЛУЧАЙНЫЕ 17 бинов (нуль к «ядро»),17,1.498124857402427,,,нуль,0.2895839855529337
42,СЛУЧАЙНЫЕ 17 бинов (нуль к «акцепторное окно»),17,1.4918605687774167,,,нуль,0.2748814566305275
43,ничего не подставлено,0,1.6621888578396753,3.0551190153469565,0.527529164319251,база,
43,донорное окно,17,1.7156692526267834,3.002706853944363,0.6672680227520306,окно,
43,ядро,17,1.2185384667257555,1.808237807433899,0.7381783642533527,окно,
43,акцепторное окно,17,1.5256487653632183,2.060440411192563,1.0900156349556476,окно,
43,все бины (потолок),51,0.8042891948452009,1.2316886545570829,0.4561361037847512,окно,
43,СЛУЧАЙНЫЕ 17 бинов (нуль к «донорное окно»),17,1.393984246022633,,,нуль,0.2844942553685034
43,СЛУЧАЙНЫЕ 17 бинов (нуль к «ядро»),17,1.233641328631196,,,нуль,0.22200741133822494
43,СЛУЧАЙНЫЕ 17 бинов (нуль к «акцепторное окно»),17,1.541987232957415,,,нуль,0.2407794993904383
44,ничего не подставлено,0,1.7325876825402458,3.182282122869645,0.5516886686901419,база,
44,донорное окно,17,1.722887103660744,2.892258652699496,0.7703348480485471,окно,
44,ядро,17,2.2070366881758665,3.9191049948146217,0.8124119184938244,окно,
44,акцепторное окно,17,1.5731721482709233,2.2605484965473863,1.0132458429461122,окно,
44,все бины (потолок),51,1.248263022338837,2.1525214956772007,0.5116678408133836,окно,
44,СЛУЧАЙНЫЕ 17 бинов (нуль к «донорное окно»),17,1.372045843320564,,,нуль,0.2402190309907901
44,СЛУЧАЙНЫЕ 17 бинов (нуль к «ядро»),17,1.71706294283617,,,нуль,0.6518470833947139
44,СЛУЧАЙНЫЕ 17 бинов (нуль к «акцепторное окно»),17,1.5601644486620203,,,нуль,0.3586868012030696
45,ничего не подставлено,0,1.7484120502397025,3.264647967034249,0.5133093630141471,база,
45,донорное окно,17,2.1507186683597816,3.9508625439219087,0.68434888152622,окно,
45,ядро,17,1.2101095036037337,1.840953005803294,0.6962339937604753,окно,
45,акцепторное окно,17,1.533767529509102,2.1085438261903775,1.0655635114395379,окно,
45,все бины (потолок),51,1.1181954288503533,1.8715619290861563,0.5045145506964589,окно,
45,СЛУЧАЙНЫЕ 17 бинов (нуль к «донорное окно»),17,1.8233250302508968,,,нуль,0.5517655196758053
45,СЛУЧАЙНЫЕ 17 бинов (нуль к «ядро»),17,1.2226679911102467,,,нуль,0.11604767689876216
45,СЛУЧАЙНЫЕ 17 бинов (нуль к «акцепторное окно»),17,1.5814626462543184,,,нуль,0.3172698240342657
46,ничего не подставлено,0,1.8352186375920911,3.2857229248644724,0.6536599347553067,база,
46,донорное окно,17,1.6941702592210028,2.8718822467648684,0.7348240094181908,окно,
46,ядро,17,2.338459437854664,4.148118262288618,0.8643389185722556,окно,
46,акцепторное окно,17,1.9964261369636855,3.2295461727381585,0.991945334875485,окно,
46,все бины (потолок),51,1.2056368149844698,2.1239070868534324,0.45762783576017824,окно,
46,СЛУЧАЙНЫЕ 17 бинов (нуль к «донорное окно»),17,1.6856439763065254,,,нуль,0.4973739764992412
46,СЛУЧАЙНЫЕ 17 бинов (нуль к «ядро»),17,1.4076223063429787,,,нуль,0.3446187707365453
46,СЛУЧАЙНЫЕ 17 бинов (нуль к «акцепторное окно»),17,1.8141564573249425,,,нуль,0.4910695205888133
