solute_smiles,solvent_smiles,solute_name,solvent_name,T_K,gamma_inf_exp,m,err_gamma,n_source_points,T_min_source,T_max_source,aqueous,record_set
CO,CCC1=CC=CC=C1,Methanol,Ethylbenzene,298.15,23.68343808215885,3.1647759887572184,5.927961215817671,4,293.15,323.15,False,Brouwer2021
CCO,CCC1=CC=CC=C1,Ethanol,Ethylbenzene,298.15,18.08568038188453,2.8951204860336666,11.398939299128585,4,293.15,323.15,False,Brouwer2021
C1=CC=C(C=C1)O,CCC1=CC=CC=C1,phenol,Ethylbenzene,298.15,10.0,2.302585092994046,0.5,4,283.15,328.15,False,Brouwer2021
C[N+](=O)[O-],CCC1=CC=CC=C1,nitromethane,Ethylbenzene,298.15,5.741733490425428,1.7477611665543826,7.044631433776884,4,308.6,337.0,False,Brouwer2021
C1CCCCC1,C1=CC=C(C=C1)C#N,Cyclohexane,benzonitrile,298.15,4.76,1.5602476682433286,0.09899494936611643,3,293.15,298.15,False,Brouwer2021
CCCC(C)C,C1=CC=C(C=C1)C#N,2-methylpentane,benzonitrile,298.15,6.47,1.8671761085128091,0.3235,1,298.15,298.15,False,Brouwer2021
CC(C)CC(C)C,C1=CC=C(C=C1)C#N,"2,4-dimethylpentane",benzonitrile,298.15,7.87,2.063058062429312,0.3935,1,298.15,298.15,False,Brouwer2021
CC(C)C(C)C(C)C,C1=CC=C(C=C1)C#N,"2,3,4-trimethylpentane",benzonitrile,298.15,7.9,2.066862759472976,0.395,1,298.15,298.15,False,Brouwer2021
CC(C)CCC(C)C,C1=CC=C(C=C1)C#N,"2,5-dimethylhexane",benzonitrile,298.15,9.18,2.217027204632399,0.459,1,298.15,298.15,False,Brouwer2021
CCC1CCCCC1,C1=CC=C(C=C1)C#N,ethylcyclohexane,benzonitrile,298.15,6.48,1.8687205103641833,0.32400000000000007,1,298.15,298.15,False,Brouwer2021
C1=CC=CC=C1,C1=CC=C(C=C1)C#N,Benzene,benzonitrile,298.15,1.24,0.2151113796169455,0.062,1,298.15,298.15,False,Brouwer2021
CC=C(C)C,C1=CC=C(C=C1)C#N,2-methyl-2-butene,benzonitrile,298.15,2.94,1.0784095813505903,0.147,1,298.15,298.15,False,Brouwer2021
CC(=C)C=C,C1=CC=C(C=C1)C#N,"2-methyl-1,3-butadiene",benzonitrile,298.15,2.07,0.7275486072772777,0.1035,3,293.15,298.15,False,Brouwer2021
C1CCCCC1,COC1=CC=CC=C1,Cyclohexane,anisole,298.15,2.83,1.0402767116551463,0.14150000000000001,2,293.15,298.15,False,Brouwer2021
CCCC(C)C,COC1=CC=CC=C1,2-methylpentane,anisole,298.15,3.87,1.3532545070416904,0.1935,1,298.15,298.15,False,Brouwer2021
CC(C)CC(C)C,COC1=CC=CC=C1,"2,4-dimethylpentane",anisole,298.15,4.38,1.4770487243883548,0.219,1,298.15,298.15,False,Brouwer2021
CC(C)C(C)C(C)C,COC1=CC=CC=C1,"2,3,4-trimethylpentane",anisole,298.15,4.27,1.451613827240533,0.2135,1,298.15,298.15,False,Brouwer2021
CC(C)CCC(C)C,COC1=CC=CC=C1,"2,5-dimethylhexane",anisole,298.15,4.77,1.5623463049002497,0.2385,1,298.15,298.15,False,Brouwer2021
CCC1CCCCC1,COC1=CC=CC=C1,ethylcyclohexane,anisole,298.15,3.45,1.2383742310432684,0.17250000000000001,1,298.15,298.15,False,Brouwer2021
C1CCCCC1,C(CCl)Cl,Cyclohexane,"1,2-dichloroethane",298.15,3.82,1.3402504226184837,0.191,2,293.15,298.15,False,Brouwer2021
CCCC(C)C,C(CCl)Cl,2-methylpentane,"1,2-dichloroethane",298.15,5.11,1.631199404215613,0.2555,1,298.15,298.15,False,Brouwer2021
CC(C)CC(C)C,C(CCl)Cl,"2,4-dimethylpentane","1,2-dichloroethane",298.15,5.64,1.7298840655099674,0.282,1,298.15,298.15,False,Brouwer2021
CC(C)C(C)C(C)C,C(CCl)Cl,"2,3,4-trimethylpentane","1,2-dichloroethane",298.15,5.61,1.724550719534605,0.2805,1,298.15,298.15,False,Brouwer2021
CC(C)CCC(C)C,C(CCl)Cl,"2,5-dimethylhexane","1,2-dichloroethane",298.15,6.16,1.8180767775454285,0.30800000000000005,1,298.15,298.15,False,Brouwer2021
CCC1CCCCC1,C(CCl)Cl,ethylcyclohexane,"1,2-dichloroethane",298.15,4.94,1.5973653311998313,0.24700000000000003,1,298.15,298.15,False,Brouwer2021
CC1=CC=CC=C1,C(CCl)Cl,Toluene,"1,2-dichloroethane",298.15,0.7830008379114995,-0.24462151286227748,15.125827596005337,7,303.15,338.15,False,Brouwer2021
CC(=O)C,C(CCl)Cl,Acetone,"1,2-dichloroethane",298.15,0.7662195234609036,-0.2662865661463243,0.23210207320852416,4,293.15,354.7,False,Brouwer2021
C(Cl)(Cl)(Cl)Cl,C(CCl)Cl,Tetrachloromethane,"1,2-dichloroethane",298.15,1.8538563200672669,0.6172679668737487,0.5868868967704728,6,273.15,355.0,False,Brouwer2021
CCC(C)C,CCC[N+](=O)[O-],2-methylbutane,1-nitropropane,298.15,5.2,1.6486586255873816,0.26,1,298.15,298.15,False,Brouwer2021
C1CCCCC1,CCC[N+](=O)[O-],Cyclohexane,1-nitropropane,298.15,4.785,1.5654860249049176,1.1950104602052651,2,298.15,298.15,False,Brouwer2021
CCCC(C)C,CCC[N+](=O)[O-],2-methylpentane,1-nitropropane,298.15,6.7,1.9021075263969205,0.335,1,298.15,298.15,False,Brouwer2021
CC(C)CC(C)C,CCC[N+](=O)[O-],"2,4-dimethylpentane",1-nitropropane,298.15,7.76,2.048982334195127,0.388,1,298.15,298.15,False,Brouwer2021
CC(C)C(C)C(C)C,CCC[N+](=O)[O-],"2,3,4-trimethylpentane",1-nitropropane,298.15,8.27,2.1126345090356,0.4135,1,298.15,298.15,False,Brouwer2021
CC(C)CCC(C)C,CCC[N+](=O)[O-],"2,5-dimethylhexane",1-nitropropane,298.15,8.98,2.194999882314108,0.44900000000000007,1,298.15,298.15,False,Brouwer2021
CCC1CCCCC1,CCC[N+](=O)[O-],ethylcyclohexane,1-nitropropane,298.15,8.15,2.0980179272527715,0.40750000000000003,1,298.15,298.15,False,Brouwer2021
C1=CC=CC=C1,CCC[N+](=O)[O-],Benzene,1-nitropropane,298.15,1.03,0.02955880224154443,0.051500000000000004,1,298.15,298.15,False,Brouwer2021
CC=C(C)C,CCC[N+](=O)[O-],2-methyl-2-butene,1-nitropropane,298.15,2.9,1.0647107369924282,0.145,1,298.15,298.15,False,Brouwer2021
CC(=C)C=C,CCC[N+](=O)[O-],"2-methyl-1,3-butadiene",1-nitropropane,298.15,1.83,0.6043159668533296,0.09150000000000001,1,298.15,298.15,False,Brouwer2021
C1=CC=CC=C1,CC1CCCCC1,Benzene,methylcyclohexane,298.15,1.76,0.5653138090500605,0.08800000000000001,3,298.15,348.15,False,Brouwer2021
CC1=CC=CC=C1,CC1CCCCC1,Toluene,methylcyclohexane,298.15,1.57,0.45107561936021673,0.07850000000000001,3,298.15,348.15,False,Brouwer2021
C1CCCCC1,CC1=CC=CC=C1,Cyclohexane,toluene,298.15,1.595,0.4668737362368079,0.07975,5,293.15,348.15,False,Brouwer2021
CCCC(C)C,CC1=CC=CC=C1,2-methylpentane,toluene,298.15,1.83,0.6043159668533296,0.09150000000000001,1,298.15,298.15,False,Brouwer2021
CC1CCCC1,CC1=CC=CC=C1,methylcyclopentane,toluene,298.15,1.53,0.4252677354043441,0.07650000000000001,3,298.15,348.15,False,Brouwer2021
CC(C)CC(C)C,CC1=CC=CC=C1,"2,4-dimethylpentane",toluene,298.15,1.92,0.6523251860396901,0.096,1,298.15,298.15,False,Brouwer2021
CC1CCCCC1,CC1=CC=CC=C1,methylcyclohexane,toluene,298.15,1.42,0.35065687161316933,0.071,3,298.15,348.15,False,Brouwer2021
CC(C)C(C)C(C)C,CC1=CC=CC=C1,"2,3,4-trimethylpentane",toluene,298.15,1.86,0.62057648772511,0.09300000000000001,1,298.15,298.15,False,Brouwer2021
CC(C)CCC(C)C,CC1=CC=CC=C1,"2,5-dimethylhexane",toluene,298.15,1.91,0.6471032420585384,0.0955,1,298.15,298.15,False,Brouwer2021
CCC1CCCCC1,CC1=CC=CC=C1,ethylcyclohexane,toluene,298.15,1.64,0.494696241836107,0.082,1,298.15,298.15,False,Brouwer2021
CO,CC1=CC=CC=C1,Methanol,toluene,298.15,21.617918611368886,3.073522536132122,20.387642176979384,14,293.15,382.15,False,Brouwer2021
CCO,CC1=CC=CC=C1,Ethanol,toluene,298.15,17.103701503823046,2.839294902295924,20.59120093502895,13,293.15,381.0,False,Brouwer2021
C1=CC=C(C=C1)O,CC1=CC=CC=C1,phenol,toluene,298.15,10.1,2.312535423847214,0.505,4,283.15,328.15,False,Brouwer2021
CCOCC,CC1=CC=CC=C1,Diethyl ether,toluene,298.15,1.0731035563327358,0.07055497001938457,20.83196563406654,6,293.15,313.15,False,Brouwer2021
CC(=O)C,CC1=CC=CC=C1,Acetone,toluene,298.15,1.999095541813142,0.6926948491801007,13.863959534570958,7,293.15,313.15,False,Brouwer2021
C1=CC=NC=C1,CC1=CC=CC=C1,Pyridine,toluene,298.15,19.9,2.990719731730447,0.995,1,298.15,298.15,False,Brouwer2021
C(Cl)Cl,CC1=CC=CC=C1,Dichloromethane,toluene,298.15,2.6539072170748974,0.9760329756436368,9.92284823463467e+31,4,273.15,313.15,False,Brouwer2021
C(CCl)Cl,CC1=CC=CC=C1,"1,2-dichloroethane",toluene,298.15,2.5641510962247205,0.9416274672069626,388.65894593631555,6,338.15,380.9,False,Brouwer2021
C1CCCCC1,C1=CC=C(C=C1)Cl,Cyclohexane,chlorobenzene,298.15,1.81,0.5933268452777344,0.09050000000000001,1,298.15,298.15,False,Brouwer2021
CCCC(C)C,C1=CC=C(C=C1)Cl,2-methylpentane,chlorobenzene,298.15,2.33,0.8458682675776092,0.1165,1,298.15,298.15,False,Brouwer2021
CC(C)CC(C)C,C1=CC=C(C=C1)Cl,"2,4-dimethylpentane",chlorobenzene,298.15,2.49,0.9122827104766164,0.12450000000000001,1,298.15,298.15,False,Brouwer2021
CC(C)C(C)C(C)C,C1=CC=C(C=C1)Cl,"2,3,4-trimethylpentane",chlorobenzene,298.15,2.34,0.85015092936961,0.11699999999999999,1,298.15,298.15,False,Brouwer2021
CC(C)CCC(C)C,C1=CC=C(C=C1)Cl,"2,5-dimethylhexane",chlorobenzene,298.15,2.48,0.9082585601768908,0.124,1,298.15,298.15,False,Brouwer2021
CCC1CCCCC1,C1=CC=C(C=C1)Cl,ethylcyclohexane,chlorobenzene,298.15,1.98,0.6830968447064438,0.099,1,298.15,298.15,False,Brouwer2021
C1CCCC1,C1CCC(CC1)O,Cyclopentane,cyclohexanol,298.15,3.37,1.2149127443642704,0.1685,1,298.15,298.15,False,Brouwer2021
C1CCCCC1,C1CCC(CC1)O,Cyclohexane,cyclohexanol,298.15,3.55,1.2669476034873244,0.1775,1,298.15,298.15,False,Brouwer2021
CC1CCCC1,C1CCC(CC1)O,methylcyclopentane,cyclohexanol,298.15,3.85,1.3480731482996928,0.1925,1,298.15,298.15,False,Brouwer2021
C1=CC=CC=C1,C1CCC(CC1)O,Benzene,cyclohexanol,298.15,2.8,1.0296194171811581,0.13999999999999999,1,298.15,298.15,False,Brouwer2021
CCC(C)C,C1CCC(=O)CC1,2-methylbutane,cyclohexanone,298.15,3.34,1.205970806988609,0.167,1,298.15,298.15,False,Brouwer2021
C1CCCCC1,C1CCC(=O)CC1,Cyclohexane,cyclohexanone,298.15,2.75,1.0116009116784799,0.3535533905932738,3,293.15,298.15,False,Brouwer2021
CCCC(C)C,C1CCC(=O)CC1,2-methylpentane,cyclohexanone,298.15,4.21,1.43746264769429,0.21050000000000002,1,298.15,298.15,False,Brouwer2021
CC(C)CC(C)C,C1CCC(=O)CC1,"2,4-dimethylpentane",cyclohexanone,298.15,4.62,1.5303947050936475,0.231,1,298.15,298.15,False,Brouwer2021
CC(C)C(C)C(C)C,C1CCC(=O)CC1,"2,3,4-trimethylpentane",cyclohexanone,298.15,4.66,1.5390154481375546,0.233,1,298.15,298.15,False,Brouwer2021
CC(C)CCC(C)C,C1CCC(=O)CC1,"2,5-dimethylhexane",cyclohexanone,298.15,5.09,1.6272778305624314,0.2545,1,298.15,298.15,False,Brouwer2021
CCC1CCCCC1,C1CCC(=O)CC1,ethylcyclohexane,cyclohexanone,298.15,3.96,1.3762440252663892,0.198,1,298.15,298.15,False,Brouwer2021
C1=CC=CC=C1,C1CCC(=O)CC1,Benzene,cyclohexanone,298.15,0.8,-0.2231435513142097,0.04000000000000001,2,293.15,298.15,False,Brouwer2021
CC=C(C)C,C1CCC(=O)CC1,2-methyl-2-butene,cyclohexanone,298.15,2.09,0.7371640659767196,0.1045,1,298.15,298.15,False,Brouwer2021
CC(=C)C=C,C1CCC(=O)CC1,"2-methyl-1,3-butadiene",cyclohexanone,298.15,1.34,0.29266961396282004,0.067,2,293.15,298.15,False,Brouwer2021
C1CCCCC1,C1=CC=C(C=C1)O,Cyclohexane,phenol,298.15,8.72,2.1656192379208883,0.43600000000000005,13,298.15,373.15,False,Brouwer2021
CC1CCCC1,C1=CC=C(C=C1)O,methylcyclopentane,phenol,298.15,10.137376126858918,2.3162292000681246,10.562542201558713,11,318.15,373.15,False,Brouwer2021
C1CCCCCC1,C1=CC=C(C=C1)O,Cycloheptane,phenol,298.15,10.2138409381931,2.3237437551839952,14.694899929650854,4,328.15,373.15,False,Brouwer2021
CC1CCCCC1,C1=CC=C(C=C1)O,methylcyclohexane,phenol,298.15,7.3847491951349316,1.999416954016653,1822.5684261618358,12,318.15,373.15,False,Brouwer2021
CCC1CCCCC1,C1=CC=C(C=C1)O,ethylcyclohexane,phenol,298.15,15.59179498550124,2.746744813420844,11.13109731018004,4,328.15,373.15,False,Brouwer2021
C1=CC=CC=C1,C1=CC=C(C=C1)O,Benzene,phenol,298.15,2.735,1.0061314358739444,0.23334523779156074,9,298.15,373.15,False,Brouwer2021
CC1=CC=CC=C1,C1=CC=C(C=C1)O,Toluene,phenol,298.15,3.3112255670704314,1.1973183828137426,28.16299752696089,6,323.15,373.15,False,Brouwer2021
CC=C(C)C,C1=CC=C(C=C1)O,2-methyl-2-butene,phenol,298.15,6.82,1.9198594718553708,0.341,1,298.15,298.15,False,Brouwer2021
CC(=C)C=C,C1=CC=C(C=C1)O,"2-methyl-1,3-butadiene",phenol,298.15,4.64,1.534714366238164,0.23199999999999998,1,298.15,298.15,False,Brouwer2021
C1CCC=CC1,C1=CC=C(C=C1)O,cyclohexene,phenol,298.15,5.881021745840046,1.7717305131142485,5.8563752988115905,4,328.15,373.15,False,Brouwer2021
CCCCCC=C,C1=CC=C(C=C1)O,1-heptene,phenol,298.15,12.580632489019598,2.532158527354981,9.008854241996106,4,328.15,373.15,False,Brouwer2021
CCCCCl,C1=CC=C(C=C1)O,1-Chlorobutane,phenol,298.15,3.9062330330237898,1.3625734909472316,5.630778061670711,4,328.15,373.15,False,Brouwer2021
C(CCl)Cl,C1=CC=C(C=C1)O,"1,2-dichloroethane",phenol,298.15,2.053271995308651,0.7194346160165113,39.95332185666341,5,323.15,373.15,False,Brouwer2021
CC(CCl)Cl,C1=CC=C(C=C1)O,"1,2-dichloropropane",phenol,298.15,3.1628196712676413,1.1514639307689754,7.933268018369272,4,328.15,373.15,False,Brouwer2021
C(Cl)(Cl)(Cl)Cl,C1=CC=C(C=C1)O,Tetrachloromethane,phenol,298.15,4.0014107908889605,1.38664699665891,54.95867052169726,5,323.15,373.15,False,Brouwer2021
C1CCCCC1,C1CCOC1,Cyclohexane,tetrahydrofuran,298.15,1.87,0.6259384308664954,0.09350000000000001,5,298.15,337.3,False,Brouwer2021
CCCC(C)C,C1CCOC1,2-methylpentane,tetrahydrofuran,298.15,2.17,0.7747271675523681,0.1085,1,298.15,298.15,False,Brouwer2021
CC(C)CC(C)C,C1CCOC1,"2,4-dimethylpentane",tetrahydrofuran,298.15,2.16,0.7701082216960737,0.10800000000000001,1,298.15,298.15,False,Brouwer2021
CC(C)C(C)C(C)C,C1CCOC1,"2,3,4-trimethylpentane",tetrahydrofuran,298.15,2.18,0.7793248768009977,0.10900000000000001,1,298.15,298.15,False,Brouwer2021
CC(C)CCC(C)C,C1CCOC1,"2,5-dimethylhexane",tetrahydrofuran,298.15,2.2,0.7884573603642703,0.11000000000000001,1,298.15,298.15,False,Brouwer2021
CCC1CCCCC1,C1CCOC1,ethylcyclohexane,tetrahydrofuran,298.15,2.14,0.7608058290337602,0.10700000000000001,1,298.15,298.15,False,Brouwer2021
CC1=CC=CC=C1,C1CCOC1,Toluene,tetrahydrofuran,298.15,0.84,-0.1743533871447778,0.042,1,298.15,298.15,False,Brouwer2021
CCC1=CC=CC=C1,C1CCOC1,ethylbenzene,tetrahydrofuran,298.15,0.9,-0.10536051565782628,0.045000000000000005,1,298.15,298.15,False,Brouwer2021
CCCC1=CC=CC=C1,C1CCOC1,Propylbenzene,tetrahydrofuran,298.15,0.91,-0.09431067947124129,0.045500000000000006,1,298.15,298.15,False,Brouwer2021
CC(C)C1=CC=CC=C1,C1CCOC1,Isopropylbenzene,tetrahydrofuran,298.15,0.88,-0.12783337150988489,0.044000000000000004,1,298.15,298.15,False,Brouwer2021
CCCCC1=CC=CC=C1,C1CCOC1,butylbenzene,tetrahydrofuran,298.15,0.9,-0.10536051565782628,0.045000000000000005,1,298.15,298.15,False,Brouwer2021
C(Cl)Cl,C1CCOC1,Dichloromethane,tetrahydrofuran,298.15,0.4201181254674153,-0.8672193561355095,0.05633250694041958,4,293.7,336.9,False,Brouwer2021
O,C1CCOC1,water,tetrahydrofuran,298.15,11.786763286205238,2.4669771464267765,3.9767792401052713,4,308.34999999999997,338.04999999999995,False,Brouwer2021
C1CCCCC1,CCCCCC(=O)C,Cyclohexane,2-heptanone,298.15,1.99,0.688134638736401,0.0995,1,298.15,298.15,False,Brouwer2021
CCCC(C)C,CCCCCC(=O)C,2-methylpentane,2-heptanone,298.15,2.19,0.7839015438284094,0.1095,1,298.15,298.15,False,Brouwer2021
CC(C)CC(C)C,CCCCCC(=O)C,"2,4-dimethylpentane",2-heptanone,298.15,2.39,0.8712933659434193,0.11950000000000001,1,298.15,298.15,False,Brouwer2021
CC(C)C(C)C(C)C,CCCCCC(=O)C,"2,3,4-trimethylpentane",2-heptanone,298.15,2.43,0.8878912573524571,0.12150000000000001,1,298.15,298.15,False,Brouwer2021
CC(C)CCC(C)C,CCCCCC(=O)C,"2,5-dimethylhexane",2-heptanone,298.15,2.59,0.9516578757114463,0.1295,1,298.15,298.15,False,Brouwer2021
CCC1CCCCC1,CCCCCC(=O)C,ethylcyclohexane,2-heptanone,298.15,2.4,0.8754687373538999,0.12,1,298.15,298.15,False,Brouwer2021
C1CCCCC1,CCCCC#N,Cyclohexane,pentane nitrile,298.15,4.32,1.463255402256019,0.21600000000000003,1,298.15,298.15,False,Brouwer2021
C1=CC=CC=C1,CCCCC#N,Benzene,pentane nitrile,298.15,1.07,0.06765864847381486,0.053500000000000006,1,298.15,298.15,False,Brouwer2021
CC=C(C)C,CCCCC#N,2-methyl-2-butene,pentane nitrile,298.15,2.82,1.0367368849500223,0.141,1,298.15,298.15,False,Brouwer2021
CC(=C)C=C,CCCCC#N,"2-methyl-1,3-butadiene",pentane nitrile,298.15,1.85,0.6151856390902335,0.09250000000000001,1,298.15,298.15,False,Brouwer2021
C1CCCCC1,C1CCCCC1,Cyclohexane,cyclohexane,298.15,1.08,0.0769610411361284,0.054000000000000006,1,298.15,298.15,False,Brouwer2021
CCCC(C)C,C1CCCCC1,2-methylpentane,cyclohexane,298.15,1.2,0.1823215567939546,0.06,1,298.15,298.15,False,Brouwer2021
CC(C)CC(C)C,C1CCCCC1,"2,4-dimethylpentane",cyclohexane,298.15,1.18,0.16551443847757333,0.059,1,298.15,298.15,False,Brouwer2021
CC(C)C(C)C(C)C,C1CCCCC1,"2,3,4-trimethylpentane",cyclohexane,298.15,1.16,0.14842000511827322,0.057999999999999996,1,298.15,298.15,False,Brouwer2021
CC(C)CCC(C)C,C1CCCCC1,"2,5-dimethylhexane",cyclohexane,298.15,1.2,0.1823215567939546,0.06,1,298.15,298.15,False,Brouwer2021
CCC1CCCCC1,C1CCCCC1,ethylcyclohexane,cyclohexane,298.15,1.05,0.04879016416943205,0.052500000000000005,1,298.15,298.15,False,Brouwer2021
C1=CC=CC=C1,C1CCCCC1,Benzene,cyclohexane,298.15,1.67,0.5128236264286637,0.0835,15,298.15,352.3,False,Brouwer2021
CC1=CC=CC=C1,C1CCCCC1,Toluene,cyclohexane,298.15,1.73,0.5481214085096876,0.08650000000000001,3,298.15,348.15,False,Brouwer2021
CO,C1CCCCC1,Methanol,cyclohexane,298.15,73.64762317150328,4.299291870446318,1143.071932432682,6,283.15,333.15,False,Brouwer2021
CCO,C1CCCCC1,Ethanol,cyclohexane,298.15,53.63103857539619,3.982127978375032,94.11035798837835,8,293.2,352.9,False,Brouwer2021
C1=CC=C(C=C1)O,C1CCCCC1,phenol,cyclohexane,298.15,74.0,4.30406509320417,3.7,7,283.15,341.2,False,Brouwer2021
CCCCCl,C1CCCCC1,1-Chlorobutane,cyclohexane,298.15,1.5727965256826697,0.45285526140697074,1.6516979985518763,4,315.1,350.8,False,Brouwer2021
C1CCCCC1,C1=CC=NC=C1,Cyclohexane,pyridine,298.15,4.45,1.4929040961781488,0.22250000000000003,1,298.15,298.15,False,Brouwer2021
CCCC(C)C,C1=CC=NC=C1,2-methylpentane,pyridine,298.15,6.67,1.8976198599275322,0.3335,1,298.15,298.15,False,Brouwer2021
CC(C)CC(C)C,C1=CC=NC=C1,"2,4-dimethylpentane",pyridine,298.15,7.88,2.064327903869788,0.394,1,298.15,298.15,False,Brouwer2021
CC(C)C(C)C(C)C,C1=CC=NC=C1,"2,3,4-trimethylpentane",pyridine,298.15,7.85,2.060513531794317,0.3925,1,298.15,298.15,False,Brouwer2021
CC(C)CCC(C)C,C1=CC=NC=C1,"2,5-dimethylhexane",pyridine,298.15,8.28,2.1138429683971682,0.414,1,298.15,298.15,False,Brouwer2021
CCC1CCCCC1,C1=CC=NC=C1,ethylcyclohexane,pyridine,298.15,6.04,1.7984040119467235,0.30200000000000005,1,298.15,298.15,False,Brouwer2021
C1=CC=CC=C1,C1=CC=NC=C1,Benzene,pyridine,298.15,1.2,0.1823215567939546,0.06,4,298.15,373.15,False,Brouwer2021
CCC1=CC=CC=C1,C1=CC=NC=C1,ethylbenzene,pyridine,298.15,1.44,0.36464311358790924,0.072,1,298.15,298.15,False,Brouwer2021
C1CCC=CC1,C1=CC=NC=C1,cyclohexene,pyridine,298.15,2.48,0.9082585601768908,0.124,1,298.15,298.15,False,Brouwer2021
CCCCCC=C,C1=CC=NC=C1,1-heptene,pyridine,298.15,3.57,1.2725655957915476,0.1785,1,298.15,298.15,False,Brouwer2021
CCCCCC#C,C1=CC=NC=C1,1-heptyne,pyridine,298.15,1.55,0.4382549309311553,0.07750000000000001,1,298.15,298.15,False,Brouwer2021
C1CCOC1,C1=CC=NC=C1,Tetrahydrofuran,pyridine,298.15,0.93,-0.07257069283483537,0.04650000000000001,1,298.15,298.15,False,Brouwer2021
CC(=O)C,C1=CC=NC=C1,Acetone,pyridine,298.15,1.18,0.16551443847757333,0.059,1,298.15,298.15,False,Brouwer2021
CCCCCl,C1=CC=NC=C1,1-Chlorobutane,pyridine,298.15,1.54,0.43178241642553783,0.07700000000000001,1,298.15,298.15,False,Brouwer2021
CC(CCl)Cl,C1=CC=NC=C1,"1,2-dichloropropane",pyridine,298.15,0.93,-0.07257069283483537,0.04650000000000001,1,298.15,298.15,False,Brouwer2021
CC(C)Br,C1=CC=NC=C1,2-bromopropane,pyridine,298.15,1.35,0.30010459245033816,0.0675,1,298.15,298.15,False,Brouwer2021
CC#N,C1=CC=NC=C1,Acetonitrile,pyridine,298.15,1.46,0.37843643572024505,0.073,1,298.15,298.15,False,Brouwer2021
CCC(C)C,CNC=O,2-methylbutane,N-methylformamide,298.15,32.7,3.487375077903208,1.6350000000000002,7,297.15,343.15,False,Brouwer2021
C1CCCCC1,CNC=O,Cyclohexane,N-methylformamide,298.15,23.32,3.1493113614822916,1.1660000000000001,5,298.15,333.15,False,Brouwer2021
CCCC(C)C,CNC=O,2-methylpentane,N-methylformamide,298.15,34.48,3.5403794457954922,1.724,1,298.15,298.15,False,Brouwer2021
CC1CCCC1,CNC=O,methylcyclopentane,N-methylformamide,298.15,25.013104857728187,3.219399881835485,0.9591225958647556,4,303.15,333.15,False,Brouwer2021
CC(C)CC(C)C,CNC=O,"2,4-dimethylpentane",N-methylformamide,298.15,48.41,3.879706403951603,2.4205,1,298.15,298.15,False,Brouwer2021
CC1CCCCC1,CNC=O,methylcyclohexane,N-methylformamide,298.15,32.037277803271024,3.466900156145921,2.6357471069162557,4,303.15,333.15,False,Brouwer2021
C1CCCCCCC1,CNC=O,Cyclooctane,N-methylformamide,298.15,42.3,3.744787086052232,2.1149999999999998,1,298.15,298.15,False,Brouwer2021
CC(C)C(C)C(C)C,CNC=O,"2,3,4-trimethylpentane",N-methylformamide,298.15,56.82,4.039888376426042,2.841,1,298.15,298.15,False,Brouwer2021
CC(C)CCC(C)C,CNC=O,"2,5-dimethylhexane",N-methylformamide,298.15,70.27,4.252344965204106,3.5135,1,298.15,298.15,False,Brouwer2021
CCC1CCCCC1,CNC=O,ethylcyclohexane,N-methylformamide,298.15,45.76,3.8234103470715426,2.288,1,298.15,298.15,False,Brouwer2021
C1=CC=CC=C1,CNC=O,Benzene,N-methylformamide,298.15,4.8,1.5686159179138452,0.24,5,298.15,333.15,False,Brouwer2021
CC1=CC=CC=C1,CNC=O,Toluene,N-methylformamide,298.15,7.0,1.9459101490553132,0.35000000000000003,5,298.15,333.15,False,Brouwer2021
CCC1=CC=CC=C1,CNC=O,ethylbenzene,N-methylformamide,298.15,9.511524631621834,2.2525041824901435,16.60933803776325,4,303.15,333.15,False,Brouwer2021
CCCC=C,CNC=O,1-pentene,N-methylformamide,298.15,18.8,2.9338568698359038,0.9400000000000001,7,297.15,343.15,False,Brouwer2021
CC=C(C)C,CNC=O,2-methyl-2-butene,N-methylformamide,298.15,17.7,2.8735646395797834,0.885,3,297.15,343.15,False,Brouwer2021
CC(C)C=C,CNC=O,3-methyl-1-butene,N-methylformamide,298.15,18.7,2.928523523860541,0.935,3,297.15,343.15,False,Brouwer2021
CC(=C)C=C,CNC=O,"2-methyl-1,3-butadiene",N-methylformamide,298.15,9.53,2.254444717666111,0.4765,3,297.15,343.15,False,Brouwer2021
C1CCC=CC1,CNC=O,cyclohexene,N-methylformamide,298.15,14.29752217465797,2.6600862477526586,9.034663380491864,4,303.15,333.15,False,Brouwer2021
CO,CNC=O,Methanol,N-methylformamide,298.15,1.0459529113865236,0.04492834683448928,1.7465677495145056,4,303.15,333.15,False,Brouwer2021
CCO,CNC=O,Ethanol,N-methylformamide,298.15,1.3798119957347044,0.3219472549134343,1.1427710447154105,4,303.15,333.15,False,Brouwer2021
CCOCC,CNC=O,Diethyl ether,N-methylformamide,298.15,6.396677607512947,1.8557787317480998,10.163013071889774,4,303.15,333.15,False,Brouwer2021
CC(C)OC(C)C,CNC=O,Di-iso-propyl ether,N-methylformamide,298.15,12.012432990474792,2.4859421959644976,20.632762063487938,4,303.15,333.15,False,Brouwer2021
CC(=O)C,CNC=O,Acetone,N-methylformamide,298.15,2.0926311060425107,0.7384221766361856,3.0358126675469226,4,303.15,333.15,False,Brouwer2021
C(Cl)Cl,CNC=O,Dichloromethane,N-methylformamide,298.15,1.5091351010138592,0.4115367059397293,2.6563643324904778,4,303.15,333.15,False,Brouwer2021
C1=CC=C(C=C1)Cl,CNC=O,Chlorobenzene,N-methylformamide,298.15,5.2,1.6486586255873816,0.26,1,298.15,298.15,False,Brouwer2021
C1=CC=C(C=C1)Br,CNC=O,bromobenzene,N-methylformamide,298.15,6.3,1.840549633397487,0.315,1,298.15,298.15,False,Brouwer2021
C1=CC=C(C=C1)F,CNC=O,fluorobenzene,N-methylformamide,298.15,4.0,1.3862943611198906,0.2,1,298.15,298.15,False,Brouwer2021
C1CCCCC1,C1COCCO1,Cyclohexane,"1,4-dioxane",298.15,4.96,1.601405740736836,0.248,1,298.15,298.15,False,Brouwer2021
CCCC(C)C,C1COCCO1,2-methylpentane,"1,4-dioxane",298.15,6.6,1.8870696490323797,0.33,1,298.15,298.15,False,Brouwer2021
CC(C)CC(C)C,C1COCCO1,"2,4-dimethylpentane","1,4-dioxane",298.15,7.86,2.061786606441115,0.393,1,298.15,298.15,False,Brouwer2021
CC(C)C(C)C(C)C,C1COCCO1,"2,3,4-trimethylpentane","1,4-dioxane",298.15,7.68,2.038619547159581,0.384,1,298.15,298.15,False,Brouwer2021
CC(C)CCC(C)C,C1COCCO1,"2,5-dimethylhexane","1,4-dioxane",298.15,8.51,2.1412419425852827,0.4255,1,298.15,298.15,False,Brouwer2021
CCC1CCCCC1,C1COCCO1,ethylcyclohexane,"1,4-dioxane",298.15,6.84,1.922787731634459,0.342,1,298.15,298.15,False,Brouwer2021
C1=CC=CC=C1,C1COCCO1,Benzene,"1,4-dioxane",298.15,1.05,0.04879016416943205,0.052500000000000005,1,298.15,298.15,False,Brouwer2021
C1CCCCC1,C1CCS(=O)(=O)C1,Cyclohexane,Sulfolane,298.15,33.528,3.5123809106227704,1.6764000000000001,12,298.15,555.6,False,Brouwer2021
CC1CCCC1,C1CCS(=O)(=O)C1,methylcyclopentane,Sulfolane,298.15,34.296,3.535028729295676,1.7148,3,298.15,333.15,False,Brouwer2021
CC1CCCCC1,C1CCS(=O)(=O)C1,methylcyclohexane,Sulfolane,298.15,47.304,3.856594858518529,2.3652,6,298.15,333.15,False,Brouwer2021
CC(C)CC(C)(C)C,C1CCS(=O)(=O)C1,"2,2,4-trimethylpentane",Sulfolane,298.15,78.09599999999999,4.357938839144792,3.9048,3,298.15,333.15,False,Brouwer2021
C1=CC=CC=C1,C1CCS(=O)(=O)C1,Benzene,Sulfolane,298.15,2.4,0.8754687373538999,0.12,19,298.15,373.15,False,Brouwer2021
CC1=CC=CC=C1,C1CCS(=O)(=O)C1,Toluene,Sulfolane,298.15,3.8,1.33500106673234,0.19,11,298.15,373.15,False,Brouwer2021
CCC1=CC=CC=C1,C1CCS(=O)(=O)C1,ethylbenzene,Sulfolane,298.15,5.317159177182263,1.6709391714790633,2.391550210684022,8,303.1,373.15,False,Brouwer2021
CCCCCC#C,C1CCS(=O)(=O)C1,1-heptyne,Sulfolane,298.15,8.126770194989371,2.095163574638084,0.7910263704514104,17,303.15,353.15,False,Brouwer2021
C1CCOC1,C1CCS(=O)(=O)C1,Tetrahydrofuran,Sulfolane,298.15,2.2496549450479364,0.8107768466993529,0.8767116405402491,13,303.1,333.6,False,Brouwer2021
C1=CC=CC=C1,C1CCCC1,Benzene,cyclopentane,298.15,1.67,0.5128236264286637,0.0835,3,298.15,348.15,False,Brouwer2021
C1CCCCC1,CC(C)CC(C)(C)C,Cyclohexane,"2,2,4-trimethylpentane",298.15,1.06,0.058268908123975824,0.053000000000000005,1,298.15,298.15,False,Brouwer2021
CCCC(C)C,CC(C)CC(C)(C)C,2-methylpentane,"2,2,4-trimethylpentane",298.15,1.01,0.009950330853168092,0.0505,1,298.15,298.15,False,Brouwer2021
CC(C)CC(C)C,CC(C)CC(C)(C)C,"2,4-dimethylpentane","2,2,4-trimethylpentane",298.15,1.05,0.04879016416943205,0.052500000000000005,1,298.15,298.15,False,Brouwer2021
CC(C)C(C)C(C)C,CC(C)CC(C)(C)C,"2,3,4-trimethylpentane","2,2,4-trimethylpentane",298.15,1.08,0.0769610411361284,0.054000000000000006,1,298.15,298.15,False,Brouwer2021
CC(C)CCC(C)C,CC(C)CC(C)(C)C,"2,5-dimethylhexane","2,2,4-trimethylpentane",298.15,1.06,0.058268908123975824,0.053000000000000005,1,298.15,298.15,False,Brouwer2021
CCC1CCCCC1,CC(C)CC(C)(C)C,ethylcyclohexane,"2,2,4-trimethylpentane",298.15,1.2,0.1823215567939546,0.06,1,298.15,298.15,False,Brouwer2021
C1CCCCC1,C(Cl)(Cl)(Cl)Cl,Cyclohexane,tetrachloromethane,298.15,1.1,0.09531017980432493,0.05500000000000001,6,293.15,346.5,False,Brouwer2021
CCCC(C)C,C(Cl)(Cl)(Cl)Cl,2-methylpentane,tetrachloromethane,298.15,1.41,0.34358970439007686,0.0705,1,298.15,298.15,False,Brouwer2021
CC(C)CC(C)C,C(Cl)(Cl)(Cl)Cl,"2,4-dimethylpentane",tetrachloromethane,298.15,1.45,0.371563556432483,0.0725,1,298.15,298.15,False,Brouwer2021
CC(C)C(C)C(C)C,C(Cl)(Cl)(Cl)Cl,"2,3,4-trimethylpentane",tetrachloromethane,298.15,1.36,0.3074846997479607,0.068,1,298.15,298.15,False,Brouwer2021
CC(C)CCC(C)C,C(Cl)(Cl)(Cl)Cl,"2,5-dimethylhexane",tetrachloromethane,298.15,1.38,0.3220834991691132,0.06899999999999999,1,298.15,298.15,False,Brouwer2021
CCC1CCCCC1,C(Cl)(Cl)(Cl)Cl,ethylcyclohexane,tetrachloromethane,298.15,1.23,0.20701416938432612,0.0615,1,298.15,298.15,False,Brouwer2021
C1=CC=C(C=C1)O,C(Cl)(Cl)(Cl)Cl,phenol,tetrachloromethane,298.15,27.55898379344838,3.316328572949263,74.82006179729824,4,313.1,340.5,False,Brouwer2021
CC(=O)C,C(Cl)(Cl)(Cl)Cl,Acetone,tetrachloromethane,298.15,3.125595200058297,1.1396247290710515,0.5192000962583103,8,293.15,346.8,False,Brouwer2021
CC#N,C(Cl)(Cl)(Cl)Cl,Acetonitrile,tetrachloromethane,298.15,11.296014763264749,2.424449987696274,6.424741188961166,6,273.15,346.0,False,Brouwer2021
C[N+](=O)[O-],C(Cl)(Cl)(Cl)Cl,nitromethane,tetrachloromethane,298.15,12.591655777073772,2.5330343546649408,13.872882593681783,5,273.15,349.1,False,Brouwer2021
CC(C)[N+](=O)[O-],C(Cl)(Cl)(Cl)Cl,2-nitropropane,tetrachloromethane,298.15,4.972356507055357,1.603893874025509,2.1916850053837225,4,314.9,346.3,False,Brouwer2021
C1CCCC1,C(C(CO)O)O,Cyclopentane,Glycerol,298.15,155.63405826866372,5.047507471267501,226.44048128678347,4,313.15,343.15,False,Brouwer2021
C1CCCCC1,C(C(CO)O)O,Cyclohexane,Glycerol,298.15,536.3333333333334,6.2847558583242735,619.9534928793718,12,298.15,343.15,False,Brouwer2021
C1CCCCCC1,C(C(CO)O)O,Cycloheptane,Glycerol,298.15,163.0152602722868,5.093843817726935,117.19363357522303,4,313.15,343.15,False,Brouwer2021
CC1CCCCC1,C(C(CO)O)O,methylcyclohexane,Glycerol,298.15,1890.0,7.5443321080536885,94.5,6,298.15,343.15,False,Brouwer2021
C1CCCCCCC1,C(C(CO)O)O,Cyclooctane,Glycerol,298.15,161.0649586952487,5.08180775376909,58.75163392800411,4,313.15,343.15,False,Brouwer2021
CC(C)CC(C)(C)C,C(C(CO)O)O,"2,2,4-trimethylpentane",Glycerol,298.15,741.612003899086,6.608826200608086,2462.8583083278236,5,303.15,343.15,False,Brouwer2021
CCC1CCCCC1,C(C(CO)O)O,ethylcyclohexane,Glycerol,298.15,2930.0,7.982757702011113,146.5,1,298.15,298.15,False,Brouwer2021
C1=CC=CC=C1,C(C(CO)O)O,Benzene,Glycerol,298.15,58.96666666666667,4.07697231249763,62.52058327729623,8,298.15,343.15,False,Brouwer2021
CC1=CC=CC=C1,C(C(CO)O)O,Toluene,Glycerol,298.15,133.8,4.896346147694128,141.55596066573813,8,298.15,343.15,False,Brouwer2021
CCC1=CC=CC=C1,C(C(CO)O)O,ethylbenzene,Glycerol,298.15,612.0,6.416732282512326,30.6,6,298.15,343.15,False,Brouwer2021
C=CC1=CC=CC=C1,C(C(CO)O)O,Styrene,Glycerol,298.15,153.5235344874632,5.033853874411642,647.9376957043933,5,303.15,343.15,False,Brouwer2021
CCCC1=CC=CC=C1,C(C(CO)O)O,Propylbenzene,Glycerol,298.15,1180.0,7.07326971745971,59.0,1,298.15,298.15,False,Brouwer2021
C1CCC=CC1,C(C(CO)O)O,cyclohexene,Glycerol,298.15,206.61443570300483,5.330854426959969,208.7624845489115,5,303.15,343.15,False,Brouwer2021
CCCCCC=C,C(C(CO)O)O,1-heptene,Glycerol,298.15,1380.0,7.22983877815125,69.0,5,298.15,343.15,False,Brouwer2021
CCCCCC#C,C(C(CO)O)O,1-heptyne,Glycerol,298.15,68.89460477177208,4.232577869754357,73.26958312223802,4,313.15,343.15,False,Brouwer2021
CCCCCCC#C,C(C(CO)O)O,1-octyne,Glycerol,298.15,47.827702261469824,3.86760501684497,13.961710092486719,4,313.15,343.15,False,Brouwer2021
CO,C(C(CO)O)O,Methanol,Glycerol,298.15,1.9,0.6418538861723947,0.095,5,298.15,343.15,False,Brouwer2021
CCO,C(C(CO)O)O,Ethanol,Glycerol,298.15,3.9,1.3609765531356006,0.195,5,298.15,343.15,False,Brouwer2021
CC(=O)C,C(C(CO)O)O,Acetone,Glycerol,298.15,11.164544515187464,2.412743088686325,5.339393404161692,4,313.15,343.15,False,Brouwer2021
C1=CC=NC=C1,C(C(CO)O)O,Pyridine,Glycerol,298.15,0.6009398415061178,-0.5092604467845924,1.039370783106347,4,313.15,343.15,False,Brouwer2021
C1=CSC=C1,C(C(CO)O)O,thiophene,Glycerol,298.15,2.626762800101161,0.9657522135552349,3.128435471938879,4,313.15,343.15,False,Brouwer2021
C1CCCCC1,C1=CC=C(C=C1)N,Cyclohexane,Aniline,298.15,11.9,2.4765384001174837,0.5950000000000001,3,293.15,298.15,False,Brouwer2021
C1=CC=CC=C1,C1=CC=C(C=C1)N,Benzene,Aniline,298.15,2.183666666666667,0.7810054210816297,0.08883617881621571,11,293.15,373.15,False,Brouwer2021
CC=C(C)C,C1=CC=C(C=C1)N,2-methyl-2-butene,Aniline,298.15,9.0,2.1972245773362196,0.45,1,298.15,298.15,False,Brouwer2021
CC(=C)C=C,C1=CC=C(C=C1)N,"2-methyl-1,3-butadiene",Aniline,298.15,4.9,1.589235205116581,0.24500000000000002,2,293.15,298.15,False,Brouwer2021
C1CCCCC1,CC(=O)O,Cyclohexane,acetic acid,298.15,14.64,2.6837575085331657,0.7320000000000001,1,298.15,298.15,False,Brouwer2021
CCCC(C)C,CC(=O)O,2-methylpentane,acetic acid,298.15,16.16,2.7825390530929495,0.808,1,298.15,298.15,False,Brouwer2021
CC(C)CC(C)C,CC(=O)O,"2,4-dimethylpentane",acetic acid,298.15,19.26,2.9580304063699794,0.9630000000000001,1,298.15,298.15,False,Brouwer2021
CC(C)C(C)C(C)C,CC(=O)O,"2,3,4-trimethylpentane",acetic acid,298.15,21.24,3.055886196373738,1.062,1,298.15,298.15,False,Brouwer2021
CC(C)CCC(C)C,CC(=O)O,"2,5-dimethylhexane",acetic acid,298.15,25.67,3.245322994883049,1.2835,1,298.15,298.15,False,Brouwer2021
CCC1CCCCC1,CC(=O)O,ethylcyclohexane,acetic acid,298.15,22.64,3.119718253334982,1.1320000000000001,1,298.15,298.15,False,Brouwer2021
C1CCCCC1,CC(=O)C,Cyclohexane,acetone,298.15,6.52,1.8748743759385615,0.326,2,298.15,308.15,False,Brouwer2021
CCCC(C)C,CC(=O)C,2-methylpentane,acetone,298.15,6.89,1.9300710850255671,0.34450000000000003,1,298.15,298.15,False,Brouwer2021
CC(C)CC(C)C,CC(=O)C,"2,4-dimethylpentane",acetone,298.15,7.67,2.0373166153791646,0.3835,1,298.15,298.15,False,Brouwer2021
CC(C)C(C)C(C)C,CC(=O)C,"2,3,4-trimethylpentane",acetone,298.15,8.71,2.1644717908644115,0.43550000000000005,1,298.15,298.15,False,Brouwer2021
CC(C)CCC(C)C,CC(=O)C,"2,5-dimethylhexane",acetone,298.15,9.38,2.238579763018133,0.4690000000000001,1,298.15,298.15,False,Brouwer2021
CCC1CCCCC1,CC(=O)C,ethylcyclohexane,acetone,298.15,9.35,2.2353763433005955,0.4675,1,298.15,298.15,False,Brouwer2021
C1=CC=CC=C1,CC(=O)C,Benzene,acetone,298.15,1.6500000000000001,0.5007752879124894,0.05999999999999993,9,298.15,373.15,False,Brouwer2021
CC1=CC=CC=C1,CC(=O)C,Toluene,acetone,298.15,5.4382674232018715,1.6934605217576464,11.711829710632696,5,349.5,389.9,False,Brouwer2021
CO,CC(=O)C,Methanol,acetone,298.15,1.84,0.6097655716208943,0.09200000000000001,7,298.15,333.15,False,Brouwer2021
CCO,CC(=O)C,Ethanol,acetone,298.15,2.4699999999999998,0.9042181506398858,0.1235,10,298.15,328.5,False,Brouwer2021
C(Cl)(Cl)(Cl)Cl,CC(=O)C,Tetrachloromethane,acetone,298.15,2.0929473515367283,0.7385732886022015,1.374194746859981,10,300.9,328.4,False,Brouwer2021
C[N+](=O)[O-],CC(=O)C,nitromethane,acetone,298.15,1.1,0.09531017980432493,0.05500000000000001,1,298.3,298.3,False,Brouwer2021
C1CCCCC1,CS(=O)C,Cyclohexane,Dimethylsulfoxide,298.15,41.2925,3.7206808854131084,4.465000000000001,11,283.15,353.15,False,Brouwer2021
CCCC(C)C,CS(=O)C,2-methylpentane,Dimethylsulfoxide,298.15,60.38,4.100657924278693,3.019,1,298.15,298.15,False,Brouwer2021
CC(C)CC(C)C,CS(=O)C,"2,4-dimethylpentane",Dimethylsulfoxide,298.15,95.88,4.563097409566184,4.794,1,298.15,298.15,False,Brouwer2021
C1CCCCCC1,CS(=O)C,Cycloheptane,Dimethylsulfoxide,298.15,64.0,4.1588830833596715,3.2,2,283.15,298.15,False,Brouwer2021
C1CCCCCCC1,CS(=O)C,Cyclooctane,Dimethylsulfoxide,298.15,77.0,4.343805421853684,3.85,2,283.15,298.15,False,Brouwer2021
CC(C)C(C)C(C)C,CS(=O)C,"2,3,4-trimethylpentane",Dimethylsulfoxide,298.15,119.25,4.781222129768451,5.9625,1,298.15,298.15,False,Brouwer2021
CC(C)CCC(C)C,CS(=O)C,"2,5-dimethylhexane",Dimethylsulfoxide,298.15,153.28,5.03226631422255,7.664000000000001,1,298.15,298.15,False,Brouwer2021
CCC1CCCCC1,CS(=O)C,ethylcyclohexane,Dimethylsulfoxide,298.15,83.5,4.42484663185681,4.175,1,298.15,298.15,False,Brouwer2021
C1=CC=CC=C1,CS(=O)C,Benzene,Dimethylsulfoxide,298.15,3.27,1.184789984909162,0.23223551264467135,11,298.15,373.15,False,Brouwer2021
CC=C(C)C,CS(=O)C,2-methyl-2-butene,Dimethylsulfoxide,298.15,20.0,2.995732273553991,1.0,1,298.15,313.15,False,Brouwer2021
CC(=C)C=C,CS(=O)C,"2-methyl-1,3-butadiene",Dimethylsulfoxide,298.15,8.63,2.155244505095337,0.43150000000000005,1,298.15,298.15,False,Brouwer2021
CCCCCC=C,CS(=O)C,1-heptene,Dimethylsulfoxide,298.15,67.0,4.204692619390966,3.35,2,283.15,298.15,False,Brouwer2021
CCCCC#C,CS(=O)C,1-hexyne,Dimethylsulfoxide,298.15,6.0,1.791759469228055,0.30000000000000004,2,283.15,298.15,False,Brouwer2021
CCCCCC#C,CS(=O)C,1-heptyne,Dimethylsulfoxide,298.15,9.3,2.2300144001592104,0.4650000000000001,2,283.15,298.15,False,Brouwer2021
CCCCCCC#C,CS(=O)C,1-octyne,Dimethylsulfoxide,298.15,12.7,2.5416019934645457,0.635,2,283.15,298.15,False,Brouwer2021
C1CCOC1,CS(=O)C,Tetrahydrofuran,Dimethylsulfoxide,298.15,3.32,1.199964782928397,0.166,4,298.15,333.15,False,Brouwer2021
CCOCC,CS(=O)C,Diethyl ether,Dimethylsulfoxide,298.15,11.9,2.4765384001174837,0.5950000000000001,4,298.15,333.15,False,Brouwer2021
CC(=O)C,CS(=O)C,Acetone,Dimethylsulfoxide,298.15,2.04,0.712949807856125,0.10200000000000001,4,298.15,333.15,False,Brouwer2021
C(Cl)Cl,CS(=O)C,Dichloromethane,Dimethylsulfoxide,298.15,0.559,-0.5816058058270378,0.027950000000000003,1,298.15,298.15,False,Brouwer2021
C1CCCC1,C1=CC=CC=C1,Cyclopentane,benzene,298.15,1.55,0.4382549309311553,0.07750000000000001,3,298.15,348.15,False,Brouwer2021
C1CCCCC1,C1=CC=CC=C1,Cyclohexane,benzene,298.15,1.8399999999999999,0.6097655716208942,0.12727922061357852,15,293.15,348.657,False,Brouwer2021
CCCC(C)C,C1=CC=CC=C1,2-methylpentane,benzene,298.15,2.25,0.8109302162163288,0.1125,1,298.15,298.15,False,Brouwer2021
CC1CCCC1,C1=CC=CC=C1,methylcyclopentane,benzene,298.15,1.72,0.5423242908253617,0.08600000000000001,3,298.15,348.15,False,Brouwer2021
CC(C)CC(C)C,C1=CC=CC=C1,"2,4-dimethylpentane",benzene,298.15,2.42,0.883767540168595,0.121,1,298.15,298.15,False,Brouwer2021
CC1CCCCC1,C1=CC=CC=C1,methylcyclohexane,benzene,298.15,1.8,0.5877866649021191,0.09000000000000001,3,298.15,348.15,False,Brouwer2021
CC(C)C(C)C(C)C,C1=CC=CC=C1,"2,3,4-trimethylpentane",benzene,298.15,2.26,0.8153648132841944,0.11299999999999999,1,298.15,298.15,False,Brouwer2021
CC(C)CCC(C)C,C1=CC=CC=C1,"2,5-dimethylhexane",benzene,298.15,2.19,0.7839015438284094,0.1095,1,298.15,298.15,False,Brouwer2021
CCC1CCCCC1,C1=CC=CC=C1,ethylcyclohexane,benzene,298.15,1.99,0.688134638736401,0.0995,1,298.15,298.15,False,Brouwer2021
CO,C1=CC=CC=C1,Methanol,benzene,298.15,19.4,2.9652730660692823,0.97,1,298.15,298.15,False,Brouwer2021
CCO,C1=CC=CC=C1,Ethanol,benzene,298.15,16.7,2.8154087194227095,0.282842712474618,5,298.15,349.0,False,Brouwer2021
C1=CC=C(C=C1)O,C1=CC=CC=C1,phenol,benzene,298.15,7.9,2.066862759472976,0.395,7,283.15,340.4,False,Brouwer2021
CC(=O)C,C1=CC=CC=C1,Acetone,benzene,298.15,1.691327218831241,0.5255135573060962,0.6099808145216974,8,293.15,350.7,False,Brouwer2021
C(Cl)(Cl)(Cl)Cl,C1=CC=CC=C1,Tetrachloromethane,benzene,298.15,1.6394,0.4943303212367932,0.08197,2,273.15,298.15,False,Brouwer2021
C1CCCC1,CC#N,Cyclopentane,Acetonitrile,298.15,15.7,2.7536607123542622,0.785,1,298.15,298.15,False,Brouwer2021
CCC(C)C,CC#N,2-methylbutane,Acetonitrile,298.15,20.7,3.0301337002713233,1.035,1,298.15,298.15,False,Brouwer2021
C1CCCCC1,CC#N,Cyclohexane,Acetonitrile,298.15,21.96666666666667,3.089526152840352,2.715388247255506,3,298.15,298.15,False,Brouwer2021
CCCC(C)C,CC#N,2-methylpentane,Acetonitrile,298.15,25.406666666666666,3.2350116067776042,3.6036278017205587,3,298.15,298.15,False,Brouwer2021
CCC(C)CC,CC#N,3-methylpentane,Acetonitrile,298.15,24.1,3.1822118404966093,5.232590180780453,2,298.15,298.15,False,Brouwer2021
CC(C)C(C)C,CC#N,"2,3-dimethylbutane",Acetonitrile,298.15,26.3,3.269568939183719,1.3150000000000002,1,298.15,298.15,False,Brouwer2021
CCC(C)(C)C,CC#N,"2,2-dimethylbutane",Acetonitrile,298.15,22.0,3.091042453358316,3.8183766184073558,2,298.15,298.15,False,Brouwer2021
CCCCC(C)C,CC#N,2-methylhexane,Acetonitrile,298.15,29.8,3.3945083935113587,1.4900000000000002,1,298.15,298.15,False,Brouwer2021
CCCC(C)CC,CC#N,3-methylhexane,Acetonitrile,298.15,40.3,3.696351468952637,2.015,1,298.15,298.15,False,Brouwer2021
CCCC(C)(C)C,CC#N,"2,2-dimethylpentane",Acetonitrile,298.15,35.1,3.55820113047182,1.7550000000000001,1,298.15,298.15,False,Brouwer2021
CCC(C)C(C)C,CC#N,"2,3-dimethylpentane",Acetonitrile,298.15,23.2,3.1441522786722644,1.16,1,298.15,298.15,False,Brouwer2021
CC(C)CC(C)C,CC#N,"2,4-dimethylpentane",Acetonitrile,298.15,35.004999999999995,3.5554909084291606,1.972827919510467,2,298.15,298.15,False,Brouwer2021
CC1CCCCC1,CC#N,methylcyclohexane,Acetonitrile,298.15,32.1,3.4688560301359703,1.6050000000000002,1,298.15,298.15,False,Brouwer2021
CC(C)CC(C)(C)C,CC#N,"2,2,4-trimethylpentane",Acetonitrile,298.15,38.15,3.641525757730466,8.131727983645296,3,293.15,298.15,False,Brouwer2021
CC(C)C(C)C(C)C,CC#N,"2,3,4-trimethylpentane",Acetonitrile,298.15,40.27,3.695606774863363,2.0135,1,298.15,298.15,False,Brouwer2021
CC(C)CCC(C)C,CC#N,"2,5-dimethylhexane",Acetonitrile,298.15,46.9,3.8480176754522337,2.345,1,298.15,298.15,False,Brouwer2021
CCC1CCCCC1,CC#N,ethylcyclohexane,Acetonitrile,298.15,42.84,3.757472245579548,1.3576450198781675,2,298.15,298.15,False,Brouwer2021
C1=CC=CC=C1,CC#N,Benzene,Acetonitrile,298.15,2.853333333333333,1.048487901485541,0.1774119499921017,17,293.15,373.15,False,Brouwer2021
CC1=CC=CC=C1,CC#N,Toluene,Acetonitrile,298.15,4.388,1.4788735424129837,0.20825465180878933,6,298.15,318.15,False,Brouwer2021
CCC1=CC=CC=C1,CC#N,ethylbenzene,Acetonitrile,298.15,5.984,1.7890892406721761,0.2880624932197875,5,298.15,298.15,False,Brouwer2021
CCCC1=CC=CC=C1,CC#N,Propylbenzene,Acetonitrile,298.15,7.8,2.0541237336955462,0.39,1,298.15,298.15,False,Brouwer2021
CC(C)C1=CC=CC=C1,CC#N,Isopropylbenzene,Acetonitrile,298.15,6.9,1.9315214116032138,0.34500000000000003,1,298.15,298.15,False,Brouwer2021
CCCCC1=CC=CC=C1,CC#N,butylbenzene,Acetonitrile,298.15,11.1,2.4069451083182885,0.555,1,298.15,298.15,False,Brouwer2021
CCCC=C,CC#N,1-pentene,Acetonitrile,298.15,7.775,2.0509134580652977,2.3970919882223964,3,298.15,308.15,False,Brouwer2021
C1CCC=CC1,CC#N,cyclohexene,Acetonitrile,298.15,12.1,2.4932054526026954,0.605,2,298.15,298.15,False,Brouwer2021
CCCCCC=C,CC#N,1-heptene,Acetonitrile,298.15,20.85,3.0373539482448106,1.2020815280171302,3,293.15,298.15,False,Brouwer2021
CCO,CC#N,Ethanol,Acetonitrile,298.15,4.07,1.4036429994545037,0.20350000000000001,1,298.15,298.15,False,Brouwer2021
CC(=O)C,CC#N,Acetone,Acetonitrile,298.15,1.04,0.03922071315328133,0.052000000000000005,2,293.15,298.15,False,Brouwer2021
C1CCCCC1,C(Cl)Cl,Cyclohexane,Dichloromethane,298.15,2.91,1.0681530811834012,0.14550000000000002,1,298.15,298.15,False,Brouwer2021
CCCC(C)C,C(Cl)Cl,2-methylpentane,Dichloromethane,298.15,3.51,1.2556160374777743,0.1755,1,298.15,298.15,False,Brouwer2021
CC(C)CC(C)C,C(Cl)Cl,"2,4-dimethylpentane",Dichloromethane,298.15,3.6,1.2809338454620642,0.18000000000000002,1,298.15,298.15,False,Brouwer2021
CC(C)C(C)C(C)C,C(Cl)Cl,"2,3,4-trimethylpentane",Dichloromethane,298.15,3.59,1.2781522025001875,0.1795,1,298.15,298.15,False,Brouwer2021
CC(C)CCC(C)C,C(Cl)Cl,"2,5-dimethylhexane",Dichloromethane,298.15,3.78,1.3297240096314962,0.189,1,298.15,298.15,False,Brouwer2021
CCC1CCCCC1,C(Cl)Cl,ethylcyclohexane,Dichloromethane,298.15,3.39,1.220829921392359,0.1695,1,298.15,298.15,False,Brouwer2021
C1COCCO1,C(=S)=S,"1,4-Dioxane",carbon disulfide,298.15,3.77,1.3270750014599193,0.1885,3,298.3,318.6,False,Brouwer2021
CC(=O)C,C(=S)=S,Acetone,carbon disulfide,298.15,8.34,2.1210632163706555,0.41700000000000004,3,298.3,318.6,False,Brouwer2021
C[N+](=O)[O-],C(=S)=S,nitromethane,carbon disulfide,298.15,41.3,3.720862499966987,2.065,3,298.3,318.6,False,Brouwer2021
C1CCCCC1,C[N+](=O)[O-],Cyclohexane,nitromethane,298.15,36.68,3.602231647388264,1.834,2,293.15,298.15,False,Brouwer2021
CCCC(C)C,C[N+](=O)[O-],2-methylpentane,nitromethane,298.15,43.66,3.7764323511217976,2.183,1,298.15,298.15,False,Brouwer2021
CC(C)CC(C)C,C[N+](=O)[O-],"2,4-dimethylpentane",nitromethane,298.15,61.59,4.120499519698952,3.0795000000000003,1,298.15,298.15,False,Brouwer2021
CC(C)C(C)C(C)C,C[N+](=O)[O-],"2,3,4-trimethylpentane",nitromethane,298.15,79.17,4.3715974391833425,3.9585000000000004,1,298.15,298.15,False,Brouwer2021
CC(C)CCC(C)C,C[N+](=O)[O-],"2,5-dimethylhexane",nitromethane,298.15,96.23,4.566741159368309,4.8115000000000006,1,298.15,298.15,False,Brouwer2021
CCC1CCCCC1,C[N+](=O)[O-],ethylcyclohexane,nitromethane,298.15,78.93,4.368561383720311,3.9465000000000003,1,298.15,298.15,False,Brouwer2021
C1=CC=CC=C1,C[N+](=O)[O-],Benzene,nitromethane,298.15,3.2,1.1631508098056809,0.16000000000000003,8,293.15,373.15,False,Brouwer2021
O,C[N+](=O)[O-],water,nitromethane,298.15,16.77990628145611,2.820182115889739,141.30242300754978,5,314.25,353.65,False,Brouwer2021
C=CC1=CC=CC=C1,O,Styrene,water,298.15,20516.666666666668,9.92899284294449,2631.697804333418,3,298.15,298.15,True,Brouwer2021
CCCCC1=CC=CC=C1,O,butylbenzene,water,298.15,329000.0,12.70381302974751,390322.94321497425,8,273.65,328.15,True,Brouwer2021
CO,O,Methanol,water,298.15,16.64973125652605,2.812394075547003,69.60272672604845,145,273.15,458.6,True,Brouwer2021
CCO,O,Ethanol,water,298.15,3.8198137989889,1.3402016777102868,0.42475949478752184,149,273.15,467.48,True,Brouwer2021
CC(C)CO,O,2-Methyl-1-propanol,water,298.15,47.32521115978563,3.857043158993211,19.624326197786722,50,273.35,373.15,True,Brouwer2021
CCC(CC)O,O,3-pentanol,water,298.15,84.69020910549939,4.439,4.23451045527497,26,273.35,371.15,True,Brouwer2021
CCC(C)CO,O,2-Methyl-1-butanol,water,298.15,199.93653676147983,5.298,9.996826838073993,37,273.35,363.15,True,Brouwer2021
CC(C)C(C)O,O,3-Methyl-2-butanol,water,298.15,74.02771366255381,4.304439532046626,68.65807634993162,23,273.35,371.15,True,Brouwer2021
C1CCC(CC1)O,O,cyclohexanol,water,298.15,157.0,5.056245805348308,7.8500000000000005,4,298.15,333.15,True,Brouwer2021
C=CCO,O,2-propenol,water,298.15,7.5,2.0149030205422647,0.375,5,298.15,373.15,True,Brouwer2021
C1=CC=C(C=C1)O,O,phenol,water,298.15,551.2,6.312097719699449,27.560000000000002,7,298.15,372.2,True,Brouwer2021
C(CO)O,O,"1,2-ethanediol",water,298.15,0.8,-0.2231435513142097,0.04000000000000001,12,297.45,348.1,True,Brouwer2021
CC(CO)O,O,"1,2-propanediol",water,298.15,1.0310745946620716,0.030601554175147153,0.34732104161510535,12,296.75,348.3,True,Brouwer2021
C(CCO)CO,O,"1,4-butanediol",water,298.15,2.768035799275437,1.0181379709360368,0.38105655584537956,12,299.35,349.9,True,Brouwer2021
CCC(=O)OC,O,Methyl propanoate,water,298.15,8.71,2.1644717908644115,0.43550000000000005,2,293.15,298.15,True,Brouwer2021
CCCC(=O)OC,O,Methyl butanoate,water,298.15,331.0,5.802118375377063,16.55,2,293.15,298.15,True,Brouwer2021
C1CCOC1,O,Tetrahydrofuran,water,298.15,17.76666666666667,2.8773240425036892,0.8621678104251703,17,273.35,328.15,True,Brouwer2021
C1COCCO1,O,"1,4-Dioxane",water,298.15,5.5424999999999995,1.7124456625083293,0.22544400635190986,10,273.35,308.15,True,Brouwer2021
CCOCC,O,Diethyl ether,water,298.15,91.6,4.517431271680085,21.23220823811472,18,273.35,333.25,True,Brouwer2021
CC(C)OC(C)C,O,Di-iso-propyl ether,water,298.15,833.61,6.725765667088377,695.9101864943972,15,296.15,333.25,True,Brouwer2021
CCCOCC,O,ethyl propyl ether,water,298.15,257.0,5.54907608489522,12.850000000000001,1,298.15,298.15,True,Brouwer2021
COC1=CC=CC=C1,O,Anisole,water,298.15,3970.0,8.286521373681236,554.2562584220408,7,280.95,322.9,True,Brouwer2021
CC(=O)C,O,Acetone,water,298.15,15.856250000000001,2.763563744365455,19.20545453584922,25,288.15,373.15,True,Brouwer2021
CC(C)C(=O)C,O,3-methyl-2-butanone,water,298.15,8.4,2.128231705849268,0.42000000000000004,1,298.15,298.15,True,Brouwer2021
C1CCC(=O)C1,O,cyclopentanone,water,298.15,16.06,2.7763317085186157,18.582766209582466,4,298.15,353.15,True,Brouwer2021
CC(=O)CC(=O)C,O,"2,4-pentanedione",water,298.15,44.65722359550935,3.7990160768912906,36.79024893293423,5,303.15,353.15,True,Brouwer2021
CCCCC(=O)C,O,2-hexanone,water,298.15,346.93333333333334,5.849132638530186,15.444848116227393,3,298.15,298.15,True,Brouwer2021
CCCC(=O)CC,O,3-hexanone,water,298.15,412.0,6.021023349349527,20.6,2,298.15,298.15,True,Brouwer2021
C1CCC(=O)CC1,O,cyclohexanone,water,298.15,5.14,1.6370530794670737,0.257,4,298.15,353.15,True,Brouwer2021
CCCCCC(=O)C,O,2-heptanone,water,298.15,1183.55,7.076273675632399,258.03645091343196,6,298.15,308.15,True,Brouwer2021
CCCCCCCC(=O)C,O,2-nonanone,water,298.15,19130.0,9.859013062434299,4910.366585093215,3,298.15,298.15,True,Brouwer2021
CC(=O)C1=CC=CC=C1,O,Acetophenone,water,298.15,976.0,6.883462586413092,48.800000000000004,1,298.15,298.15,True,Brouwer2021
C(=O)O,O,Formic acid,water,298.15,0.6799999999999999,-0.3856624808119848,0.056568542494923775,3,298.15,373.15,True,Brouwer2021
CC(=O)O,O,Acetic acid,water,298.15,1.58,0.4574248470388755,1.143153532995459,8,298.15,373.15,True,Brouwer2021
CCCCC(=O)O,O,pentanoic acid,water,298.15,127.0,4.844187086458591,6.3500000000000005,1,298.15,298.15,True,Brouwer2021
CCCCCC(=O)O,O,hexanoic acid,water,298.15,602.0,6.400257445308821,30.1,1,298.15,298.15,True,Brouwer2021
C1=CC=NC=C1,O,Pyridine,water,298.15,31.759336697156858,3.4581867513106186,841.4037396462774,7,333.15,373.15,True,Brouwer2021
CC1=CN=CC=C1,O,3-methylpyridine,water,298.15,49.1,3.893859034800475,2.455,1,298.15,298.15,True,Brouwer2021
CC1=CC=NC=C1,O,4-methylpyridine,water,298.15,42.3,3.744787086052232,2.1149999999999998,1,298.15,298.15,True,Brouwer2021
CCCCl,O,1-Chloropropane,water,298.15,1532.5,7.334655667810367,413.2202802380348,6,273.15,298.15,True,Brouwer2021
CC(C)Cl,O,2-Chloropropane,water,298.15,1425.6666666666667,7.262394819558799,91.52231057689339,3,298.15,298.15,True,Brouwer2021
CCCCCl,O,1-Chlorobutane,water,298.15,7433.319285868037,8.913727778984777,692.404997726802,38,273.35,310.15,True,Brouwer2021
CCCCCCl,O,1-Chloropentane,water,298.15,31223.333333333332,10.348920957535066,1492.5258233388572,3,298.15,298.15,True,Brouwer2021
C(Cl)Cl,O,Dichloromethane,water,298.15,242.66666666666666,5.491688759528576,28.35254250797742,27,273.15,313.15,True,Brouwer2021
CC(Cl)Cl,O,"1,1-dichloroethane",water,298.15,1097.0822580623712,7.0004094420240754,1370.1646042480324,20,293.15,323.15,True,Brouwer2021
C(CCl)Cl,O,"1,2-dichloroethane",water,298.15,618.5,6.427297191832543,53.06505441436954,31,273.15,323.15,True,Brouwer2021
CC(CCl)Cl,O,"1,2-dichloropropane",water,298.15,2330.0,7.753623546559746,116.5,17,293.15,313.15,True,Brouwer2021
CC(Cl)(Cl)Cl,O,"1,1,1-trichloroethane",water,298.15,5933.25,8.688327402569616,64.5155020130821,26,293.15,323.15,True,Brouwer2021
C(C(Cl)Cl)Cl,O,"1,1,2-trichloroethane",water,298.15,1521.7690237674472,7.327628768539493,2164.874566092518,21,293.15,323.15,True,Brouwer2021
C(Cl)(Cl)(Cl)Cl,O,Tetrachloromethane,water,298.15,9716.666666666666,9.181597903110529,5996.318314877332,21,273.15,313.15,True,Brouwer2021
C(C(Cl)(Cl)Cl)Cl,O,"1,1,1,2-tetrachloroethane",water,298.15,8426.203003781964,9.03910153479348,71171.15761591999,11,289.15,313.15,True,Brouwer2021
C(C(Cl)Cl)(Cl)Cl,O,"1,1,2,2-tetrachloroethane",water,298.15,3536.6666666666665,8.170939942939919,225.01851775650226,23,293.15,323.15,True,Brouwer2021
C1=CC=C(C=C1)Cl,O,Chlorobenzene,water,298.15,13345.0,9.498897061838624,912.1677477306463,14,293.15,323.15,True,Brouwer2021
C1=CC=C(C(=C1)Cl)Cl,O,"1,2-dichlorobenzene",water,298.15,66050.0,11.09816730995047,3040.5591591021544,9,292.65,303.15,True,Brouwer2021
CCCBr,O,1-bromopropane,water,298.15,2870.0,7.962067308753666,26.457513110645905,3,298.15,298.15,True,Brouwer2021
CC(C)Br,O,2-bromopropane,water,298.15,2044.3333333333333,7.622827016957874,81.70883265188246,3,298.15,298.15,True,Brouwer2021
CCCCBr,O,1-bromobutane,water,298.15,12413.333333333334,9.426526442722894,335.4598833442433,3,298.15,298.15,True,Brouwer2021
C(Br)Br,O,Dibromomethane,water,298.15,850.0,6.745236349484363,42.5,17,292.45,323.15,True,Brouwer2021
C(C(Br)Br)(Br)Br,O,"1,1,2,2-tetrabromoethane",water,298.15,625000.0,13.345506928718539,31250.0,3,298.15,323.15,True,Brouwer2021
C1=CC=C(C=C1)Br,O,bromobenzene,water,298.15,21680.0,9.984145455553582,1103.0865786510142,7,292.75,303.15,True,Brouwer2021
CC#N,O,Acetonitrile,water,298.15,11.700000000000001,2.4595888418037104,3.204819287677024,12,298.15,373.15,True,Brouwer2021
C1=CC=C(C=C1)C#N,O,Benzonitrile,water,298.15,1741.0,7.462214939768189,87.05000000000001,1,298.15,298.15,True,Brouwer2021
C1=CSC=C1,O,thiophene,water,298.15,1272.0,7.148345743900068,63.6,5,288.15,333.15,True,Brouwer2021
C[N+](=O)[O-],O,nitromethane,water,298.15,31.64,3.4544221428994533,0.056568542494922595,7,293.15,323.15,True,Brouwer2021
CC[N+](=O)[O-],O,nitroethane,water,298.15,88.6,4.484131857611035,4.43,5,293.15,323.15,True,Brouwer2021
CCC[N+](=O)[O-],O,1-nitropropane,water,298.15,299.2,5.7011122461003225,14.96,5,293.15,323.15,True,Brouwer2021
CC(C)[N+](=O)[O-],O,2-nitropropane,water,298.15,287.4603113633228,5.661084803276061,267.56372357724257,4,293.15,323.15,True,Brouwer2021
C1=CC=C(C=C1)[N+](=O)[O-],O,nitrobenzene,water,298.15,3428.403348902305,8.139849935836263,3931.354452673977,10,283.15,372.85,True,Brouwer2021
CC1=CC=CC=C1[N+](=O)[O-],O,2-nitrotoluene,water,298.15,11688.284324556354,9.366342279328734,1332.2075676619897,4,283.15,313.15,True,Brouwer2021
C1=CC=C(C=C1)F,O,fluorobenzene,water,298.15,4118.0,8.323122887587735,958.8367952889585,2,298.15,298.15,True,Brouwer2021
CCI,O,Iodoethane,water,298.15,2187.3333333333335,7.690438424852937,6.429100507328637,5,273.15,298.15,True,Brouwer2021
CCCI,O,1-iodopropane,water,298.15,8943.333333333334,9.09866365475156,681.2733176437583,3,298.15,298.15,True,Brouwer2021
C1=CC=C(C=C1)I,O,iodobenzene,water,298.15,53815.0,10.893307517698398,445.47727214752496,2,298.15,298.15,True,Brouwer2021
C1CCNCC1,O,piperidine,water,298.15,11.16605557447998,2.412878423992027,1430676.3802855252,7,333.15,373.15,True,Brouwer2021
C1=CC=C(C=C1)N,O,aniline,water,298.15,145.0,4.976733742420574,7.25,8,298.15,373.15,True,Brouwer2021
CN1CCCC1=O,O,n-methylpyrrolidone,water,298.15,0.37,-0.9942522733438669,0.0185,9,298.75,372.85,True,Brouwer2021
CCCS,O,1-Propanethiol,water,298.15,1495.0,7.3098814858247865,74.75,5,288.15,333.15,True,Brouwer2021
CC(C)S,O,2-Propanethiol,water,298.15,1135.0,7.034387929915503,56.75,4,288.15,318.15,True,Brouwer2021
CCCCS,O,1-Butanethiol,water,298.15,6042.0,8.706490361946617,302.1,5,288.15,333.15,True,Brouwer2021
C1CCCCC1,C(C(Br)Br)(Br)Br,Cyclohexane,"1,1,2,2-tetrabromoethane",298.15,5.07,1.623340817603092,0.2535,1,298.15,298.15,False,Brouwer2021
C1=CC=CC=C1,C(C(Br)Br)(Br)Br,Benzene,"1,1,2,2-tetrabromoethane",298.15,1.24,0.2151113796169455,0.062,1,298.15,298.15,False,Brouwer2021
CC=C(C)C,C(C(Br)Br)(Br)Br,2-methyl-2-butene,"1,1,2,2-tetrabromoethane",298.15,3.7,1.308332819650179,0.18500000000000003,1,298.15,298.15,False,Brouwer2021
CC(=C)C=C,C(C(Br)Br)(Br)Br,"2-methyl-1,3-butadiene","1,1,2,2-tetrabromoethane",298.15,2.45,0.8960880245566357,0.12250000000000001,1,298.15,298.15,False,Brouwer2021
CCC(C)C,C(C(Cl)Cl)(Cl)Cl,2-methylbutane,"1,1,2,2-tetrachloroethane",298.15,4.64,1.534714366238164,0.23199999999999998,1,298.15,298.15,False,Brouwer2021
C1CCCCC1,C(C(Cl)Cl)(Cl)Cl,Cyclohexane,"1,1,2,2-tetrachloroethane",298.15,3.17,1.1537315878891892,0.1585,1,298.15,298.15,False,Brouwer2021
C1=CC=CC=C1,C(C(Cl)Cl)(Cl)Cl,Benzene,"1,1,2,2-tetrachloroethane",298.15,0.8,-0.2231435513142097,0.04000000000000001,1,298.15,298.15,False,Brouwer2021
CC=C(C)C,C(C(Cl)Cl)(Cl)Cl,2-methyl-2-butene,"1,1,2,2-tetrachloroethane",298.15,1.81,0.5933268452777344,0.09050000000000001,1,298.15,298.15,False,Brouwer2021
CC(=C)C=C,C(C(Cl)Cl)(Cl)Cl,"2-methyl-1,3-butadiene","1,1,2,2-tetrachloroethane",298.15,1.41,0.34358970439007686,0.0705,1,298.15,298.15,False,Brouwer2021
C1CCCC1,CN1CCCC1=O,Cyclopentane,N-methylpyrrolidone,298.15,7.420510114126811,2.0042478033508275,23.258709269104216,13,303.15,363.2,False,Brouwer2021
CCC(C)C,CN1CCCC1=O,2-methylbutane,N-methylpyrrolidone,298.15,13.6,2.6100697927420065,0.68,6,297.15,363.15,False,Brouwer2021
C1CCCCC1,CN1CCCC1=O,Cyclohexane,N-methylpyrrolidone,298.15,8.870000000000001,2.1826747963214883,0.5980802621722269,36,283.15,363.2,False,Brouwer2021
CCCC(C)C,CN1CCCC1=O,2-methylpentane,N-methylpyrrolidone,298.15,12.7,2.5416019934645457,0.635,4,298.15,363.15,False,Brouwer2021
CC(C)CC(C)C,CN1CCCC1=O,"2,4-dimethylpentane",N-methylpyrrolidone,298.15,16.11,2.779440197188883,0.8055,4,298.15,318.15,False,Brouwer2021
C1CCCCCC1,CN1CCCC1=O,Cycloheptane,N-methylpyrrolidone,298.15,10.5,2.3513752571634776,0.525,5,283.15,363.2,False,Brouwer2021
C1CCCCCCC1,CN1CCCC1=O,Cyclooctane,N-methylpyrrolidone,298.15,10.8,2.379546134130174,0.54,5,283.15,363.2,False,Brouwer2021
CC(C)C(C)C(C)C,CN1CCCC1=O,"2,3,4-trimethylpentane",N-methylpyrrolidone,298.15,16.54,2.805781689595545,0.827,1,298.15,298.15,False,Brouwer2021
CC(C)CCC(C)C,CN1CCCC1=O,"2,5-dimethylhexane",N-methylpyrrolidone,298.15,20.21,3.00617753141553,1.0105000000000002,1,298.15,298.15,False,Brouwer2021
CCC1CCCCC1,CN1CCCC1=O,ethylcyclohexane,N-methylpyrrolidone,298.15,12.93,2.559550192783766,0.6465000000000001,1,298.15,298.15,False,Brouwer2021
C1=CC=CC=C1,CN1CCCC1=O,Benzene,N-methylpyrrolidone,298.15,1.0133333333333334,0.013245226750020723,0.05066666666666667,44,293.0,373.15,False,Brouwer2021
CC1=CC=CC=C1,CN1CCCC1=O,Toluene,N-methylpyrrolidone,298.15,1.3999348453764209,0.33642569652139703,2.459241417023158,17,293.0,363.2,False,Brouwer2021
CCCC=C,CN1CCCC1=O,1-pentene,N-methylpyrrolidone,298.15,6.77,1.9125010869241836,0.3385,20,293.15,398.15,False,Brouwer2021
C1CC=CC1,CN1CCCC1=O,cyclopentene,N-methylpyrrolidone,298.15,4.036600573638063,1.395402895593088,103.02841640732362,10,293.15,333.34999999999997,False,Brouwer2021
CC=C(C)C,CN1CCCC1=O,2-methyl-2-butene,N-methylpyrrolidone,298.15,5.82,1.7613002617433464,0.6505382386916236,3,297.15,313.15,False,Brouwer2021
CC(C)C=C,CN1CCCC1=O,3-methyl-1-butene,N-methylpyrrolidone,298.15,6.94,1.937301774518713,0.34700000000000003,2,297.15,313.15,False,Brouwer2021
CC(=C)C=C,CN1CCCC1=O,"2-methyl-1,3-butadiene",N-methylpyrrolidone,298.15,2.57,0.9439058989071284,0.268700576850888,7,297.15,398.15,False,Brouwer2021
C1CCC=CC1,CN1CCCC1=O,cyclohexene,N-methylpyrrolidone,298.15,4.350714591158611,1.4703401054386904,53.26618544761222,11,293.15,353.15,False,Brouwer2021
CCCC(=C)C,CN1CCCC1=O,2-methyl-1-pentene,N-methylpyrrolidone,298.15,7.100829806955434,1.9602116514370855,0.3441578335859914,12,314.04999999999995,423.15,False,Brouwer2021
C=CCCC=C,CN1CCCC1=O,"1,5-hexadiene",N-methylpyrrolidone,298.15,3.676737141177308,1.3020257124581955,0.5260408743362373,8,315.04999999999995,423.15,False,Brouwer2021
CCCCCC=C,CN1CCCC1=O,1-heptene,N-methylpyrrolidone,298.15,9.5,2.2512917986064953,0.47500000000000003,15,283.15,363.2,False,Brouwer2021
CCCCC#C,CN1CCCC1=O,1-hexyne,N-methylpyrrolidone,298.15,1.42,0.35065687161316933,0.071,5,283.15,363.2,False,Brouwer2021
CCCCCC#C,CN1CCCC1=O,1-heptyne,N-methylpyrrolidone,298.15,1.67,0.5128236264286637,0.0835,5,283.15,363.2,False,Brouwer2021
CCCCCCC#C,CN1CCCC1=O,1-octyne,N-methylpyrrolidone,298.15,2.23,0.8020015854720274,0.1115,5,283.15,363.2,False,Brouwer2021
CO,CN1CCCC1=O,Methanol,N-methylpyrrolidone,298.15,0.5183316744142712,-0.6571399435289704,1.553618826011739,6,323.34999999999997,363.2,False,Brouwer2021
CCO,CN1CCCC1=O,Ethanol,N-methylpyrrolidone,298.15,0.6484285627749958,-0.4332034389264418,1.0312510565515565,6,323.34999999999997,363.2,False,Brouwer2021
CC(=O)OC=C,CN1CCCC1=O,Vinyl acetate,N-methylpyrrolidone,298.15,1.0335817939438616,0.033030239672668056,10.071012236100833,7,303.25,343.34999999999997,False,Brouwer2021
C1CCOC1,CN1CCCC1=O,Tetrahydrofuran,N-methylpyrrolidone,298.15,1.3284220100285267,0.28399177920924434,2.2889938188247667,4,303.25,333.34999999999997,False,Brouwer2021
CCOCC,CN1CCCC1=O,Diethyl ether,N-methylpyrrolidone,298.15,3.3778769102882684,1.2172473790859053,0.1258766780088063,4,323.04999999999995,398.15,False,Brouwer2021
CC(=O)C,CN1CCCC1=O,Acetone,N-methylpyrrolidone,298.15,1.043449841263266,0.04253237859186742,5.14545125994897,7,303.25,343.34999999999997,False,Brouwer2021
C1CCCC1,C1=CC=C2C(=C1)C=CC=N2,Cyclopentane,Quinoline,298.15,2.2333333333333334,0.8034952377288107,0.11166666666666668,7,293.15,313.15,False,Brouwer2021
C1CCCCC1,C1=CC=C2C(=C1)C=CC=N2,Cyclohexane,Quinoline,298.15,3.365,1.213427963096691,0.6634505759034854,9,293.15,333.15,False,Brouwer2021
C1=CC=CC=C1,C1=CC=C2C(=C1)C=CC=N2,Benzene,Quinoline,298.15,1.1166666666666667,0.11034805716886541,0.1795364401266031,8,293.15,333.15,False,Brouwer2021
CC(=C)C=C,C1=CC=C2C(=C1)C=CC=N2,"2-methyl-1,3-butadiene",Quinoline,298.15,2.43,0.8878912573524571,0.12150000000000001,1,298.15,298.15,False,Brouwer2021
CO,C1=CC=C2C(=C1)C=CC=N2,Methanol,Quinoline,298.15,0.7666666666666666,-0.2657031657330058,0.03833333333333333,7,298.15,333.15,False,Brouwer2021
CC(=O)C,C1=CC=C2C(=C1)C=CC=N2,Acetone,Quinoline,298.15,1.5,0.4054651081081644,0.07500000000000001,2,298.15,333.15,False,Brouwer2021
CCCCl,C1=CC=C2C(=C1)C=CC=N2,1-Chloropropane,Quinoline,298.15,1.05,0.04879016416943205,0.052500000000000005,1,298.15,298.15,False,Brouwer2021
C(CCl)Cl,C1=CC=C2C(=C1)C=CC=N2,"1,2-dichloroethane",Quinoline,298.15,0.92,-0.08338160893905101,0.046000000000000006,1,298.15,298.15,False,Brouwer2021
C(Cl)(Cl)(Cl)Cl,C1=CC=C2C(=C1)C=CC=N2,Tetrachloromethane,Quinoline,298.15,1.44,0.36464311358790924,0.072,2,298.15,333.15,False,Brouwer2021
CC#N,C1=CC=C2C(=C1)C=CC=N2,Acetonitrile,Quinoline,298.15,2.14,0.7608058290337602,0.10700000000000001,1,298.15,298.15,False,Brouwer2021
CI,C1=CC=C2C(=C1)C=CC=N2,Iodomethane,Quinoline,298.15,1.25,0.22314355131420976,0.0625,1,298.15,298.15,False,Brouwer2021
CCI,C1=CC=C2C(=C1)C=CC=N2,Iodoethane,Quinoline,298.15,1.55,0.4382549309311553,0.07750000000000001,1,298.15,298.15,False,Brouwer2021
C1CCCC1,CCOC(=O)C1=CC=CC=C1,Cyclopentane,Ethylbenzoate,298.15,1.8442366788272766,0.6120654676721574,3.88063374502517,4,313.15,343.15,False,Brouwer2021
C1CCCCC1,CCOC(=O)C1=CC=CC=C1,Cyclohexane,Ethylbenzoate,298.15,2.208460249934298,0.7922955532211045,4.395553208398479,4,313.15,343.15,False,Brouwer2021
CCCC(C)C,CCOC(=O)C1=CC=CC=C1,2-methylpentane,Ethylbenzoate,298.15,2.9553978137278207,1.0836332657320376,5.276087747580842,4,313.15,343.15,False,Brouwer2021
CC1CCCC1,CCOC(=O)C1=CC=CC=C1,methylcyclopentane,Ethylbenzoate,298.15,2.183788298192702,0.781061120122396,3.3660625864949165,4,313.15,343.15,False,Brouwer2021
CC1CCCCC1,CCOC(=O)C1=CC=CC=C1,methylcyclohexane,Ethylbenzoate,298.15,2.464568871380493,0.9020168921493747,0.7168113884209975,4,313.15,343.15,False,Brouwer2021
C1=CC=CC=C1,CCOC(=O)C1=CC=CC=C1,Benzene,Ethylbenzoate,298.15,0.9606752229113203,-0.040118884560712886,0.28438282024251416,4,313.15,343.15,False,Brouwer2021
CC1=CC=CC=C1,CCOC(=O)C1=CC=CC=C1,Toluene,Ethylbenzoate,298.15,1.0354000428291161,0.034787866850465206,0.3194202806093511,4,313.15,343.15,False,Brouwer2021
CCC1=CC=CC=C1,CCOC(=O)C1=CC=CC=C1,ethylbenzene,Ethylbenzoate,298.15,1.0778260155866692,0.0749460639014645,1.2589574450034617,4,313.15,343.15,False,Brouwer2021
CCCC=C,CCOC(=O)C1=CC=CC=C1,1-pentene,Ethylbenzoate,298.15,1.9129330874460935,0.6486377120346128,2.1965355217738916,4,313.15,343.15,False,Brouwer2021
C1CCC=CC1,CCOC(=O)C1=CC=CC=C1,cyclohexene,Ethylbenzoate,298.15,1.5103827844123519,0.41236311831206474,1.9829897953002806,4,313.15,343.15,False,Brouwer2021
CCOCC,CCOC(=O)C1=CC=CC=C1,Diethyl ether,Ethylbenzoate,298.15,1.299579363534117,0.2620406455963348,0.46318032438255563,4,313.15,343.15,False,Brouwer2021
CC(C)OC(C)C,CCOC(=O)C1=CC=CC=C1,Di-iso-propyl ether,Ethylbenzoate,298.15,1.7369765800581556,0.5521460041848567,1.0725583650863295,4,313.15,343.15,False,Brouwer2021
C1=CC=CC=C1,CC1CCCC1,Benzene,methylcyclopentane,298.15,1.74,0.5538851132264376,0.08700000000000001,3,298.15,348.15,False,Brouwer2021
CC1=CC=CC=C1,CC1CCCC1,Toluene,methylcyclopentane,298.15,1.59,0.4637340162321402,0.07950000000000002,3,298.15,348.15,False,Brouwer2021
C1CCCCC1,CC(=O)C1=CC=CC=C1,Cyclohexane,Acetophenone,298.15,4.48,1.4996230464268938,0.16970562748477094,4,293.15,298.15,False,Brouwer2021
CCCC(C)C,CC(=O)C1=CC=CC=C1,2-methylpentane,Acetophenone,298.15,6.57,1.8825138324965192,0.3285,1,298.15,298.15,False,Brouwer2021
CC(C)CC(C)C,CC(=O)C1=CC=CC=C1,"2,4-dimethylpentane",Acetophenone,298.15,7.98,2.0769384114617173,0.399,1,298.15,298.15,False,Brouwer2021
CC(C)C(C)C(C)C,CC(=O)C1=CC=CC=C1,"2,3,4-trimethylpentane",Acetophenone,298.15,7.82,2.05668455455722,0.391,1,298.15,298.15,False,Brouwer2021
CC(C)CCC(C)C,CC(=O)C1=CC=CC=C1,"2,5-dimethylhexane",Acetophenone,298.15,9.35,2.2353763433005955,0.4675,1,298.15,298.15,False,Brouwer2021
CCC1CCCCC1,CC(=O)C1=CC=CC=C1,ethylcyclohexane,Acetophenone,298.15,6.11,1.809926773183504,0.30550000000000005,1,298.15,298.15,False,Brouwer2021
C1=CC=CC=C1,CC(=O)C1=CC=CC=C1,Benzene,Acetophenone,298.15,1.2116666666666667,0.191996822317373,0.060583333333333336,3,298.15,298.15,False,Brouwer2021
CC=C(C)C,CC(=O)C1=CC=CC=C1,2-methyl-2-butene,Acetophenone,298.15,3.06,1.1184149159642893,0.15300000000000002,1,298.15,298.15,False,Brouwer2021
CC(=C)C=C,CC(=O)C1=CC=CC=C1,"2-methyl-1,3-butadiene",Acetophenone,298.15,2.05,0.7178397931503168,0.1025,2,293.15,298.15,False,Brouwer2021
C1CCCCC1,C1=CC=C(C=C1)[N+](=O)[O-],Cyclohexane,Nitrobenzene,298.15,5.955,1.7842312028072635,0.23334523779156074,3,293.15,298.15,False,Brouwer2021
CCCC(C)C,C1=CC=C(C=C1)[N+](=O)[O-],2-methylpentane,Nitrobenzene,298.15,8.3,2.1162555148025524,0.41500000000000004,1,298.15,298.15,False,Brouwer2021
CC(C)CC(C)C,C1=CC=C(C=C1)[N+](=O)[O-],"2,4-dimethylpentane",Nitrobenzene,298.15,10.02,2.3045830956567186,0.501,1,298.15,298.15,False,Brouwer2021
CC(C)C(C)C(C)C,C1=CC=C(C=C1)[N+](=O)[O-],"2,3,4-trimethylpentane",Nitrobenzene,298.15,9.99,2.301584592660462,0.49950000000000006,1,298.15,298.15,False,Brouwer2021
CC(C)CCC(C)C,C1=CC=C(C=C1)[N+](=O)[O-],"2,5-dimethylhexane",Nitrobenzene,298.15,11.9,2.4765384001174837,0.5950000000000001,1,298.15,298.15,False,Brouwer2021
CCC1CCCCC1,C1=CC=C(C=C1)[N+](=O)[O-],ethylcyclohexane,Nitrobenzene,298.15,8.08,2.089391872533004,0.404,1,298.15,298.15,False,Brouwer2021
C1=CC=CC=C1,C1=CC=C(C=C1)[N+](=O)[O-],Benzene,Nitrobenzene,298.15,1.295,0.258510695151501,0.10969655114602886,9,293.15,373.15,False,Brouwer2021
CC=C(C)C,C1=CC=C(C=C1)[N+](=O)[O-],2-methyl-2-butene,Nitrobenzene,298.15,3.48,1.247032293786383,0.17400000000000002,1,298.15,298.15,False,Brouwer2021
CC(=C)C=C,C1=CC=C(C=C1)[N+](=O)[O-],"2-methyl-1,3-butadiene",Nitrobenzene,298.15,2.4,0.8754687373538999,0.12,2,293.15,298.15,False,Brouwer2021
