seed,arm,budget,h_to_ref_solute,n,aad,aad_water,aad_nonwater,n_iter_eval,l1_left_to_target
42,исходный выученный,0.0,3.2227439741265127,2875,1.3508867154222988,2.5594276170841344,0.4549121160073461,30,
42,невзвешенный,0.02,3.171445156552274,2875,1.239424180055947,2.3018418549767223,0.45178079174399716,30,0.374927559197297
42,невзвешенный,0.05,3.128426910773183,2875,1.110373843700326,1.9748097902761215,0.46950794508810684,30,0.3636860410081249
42,невзвешенный,0.1,3.0283165814067257,2875,0.8465426028452703,1.3149099283444474,0.49930964923473553,30,0.33602733119513456
42,невзвешенный,0.15,2.9172198935858855,2875,0.6812086061724024,0.9040262082882421,0.5160185728654445,30,0.3006778713933541
42,невзвешенный,0.2,2.7851473172442653,2875,0.8431126154141377,1.2783982347790397,0.5204054088104796,30,0.26263052958505284
42,невзвешенный,0.25,2.6078683005162393,2875,0.91161512471533,1.484078932369368,0.487208280034202,30,0.21628201823252444
42,по чувствительности,0.02,3.175119059125013,2875,1.2652323828896692,2.354869443934403,0.45740938911695295,30,0.37570288491076664
42,по чувствительности,0.05,3.1227342136170124,2875,1.0984100672578618,1.9240009912872245,0.48634265901319795,30,0.36187368203644216
42,по чувствительности,0.1,3.0328939123262204,2875,0.793231554332301,1.1550865577128724,0.5249635203299875,30,0.3367139773482868
42,по чувствительности,0.15,2.931568870043062,2875,0.7080697232403617,0.9142551061254425,0.5552102994660801,30,0.3046631361383748
42,по чувствительности,0.2,2.798317308071599,2875,1.0152585254782671,1.6448482417499855,0.5485003106287313,30,0.2655686182339848
42,по чувствительности,0.25,2.6235072016392444,2875,0.9609021484162804,1.568907735394908,0.5101457350535669,30,0.21969583191159295
42,перемешанный вес,0.02,3.176003553610118,2875,1.218982771350359,2.26516901843568,0.4433728583083033,30,0.3785816094640352
42,перемешанный вес,0.05,3.1253633361080646,2875,1.0608708833152665,1.884005685393437,0.45062436741963896,30,0.3692559919514451
42,перемешанный вес,0.1,3.043711579577999,2875,0.7379513789636736,1.0902729856933104,0.47675110843849167,30,0.35709033567739745
42,перемешанный вес,0.15,2.9546417466127344,2875,0.7620065338718207,1.121599466556541,0.495415528659163,30,0.3432792366178837
42,перемешанный вес,0.2,2.8412214090567254,2875,0.9649068712272341,1.640187651008188,0.4642747243756971,30,0.3246464114441689
42,перемешанный вес,0.25,2.713506521733098,2875,0.9051355423070142,1.5778735263661958,0.4063885450396377,30,0.3073686868816091
43,исходный выученный,0.0,2.948033103643397,2875,1.2021139885756233,2.1645648740548435,0.4885828657248872,30,
43,невзвешенный,0.02,2.897829897325291,2875,1.1293268084737749,2.0061670870721353,0.4792647242797149,30,0.3985550395178076
43,невзвешенный,0.05,2.8419439703140386,2875,1.067414737680452,1.849055707131647,0.4879304574816252,30,0.3830784371120955
43,невзвешенный,0.1,2.7435372654352763,2875,0.9330726722659187,1.4916442000475008,0.5189651313787859,30,0.35624858695172973
43,невзвешенный,0.15,2.6267412371095005,2875,0.8147313991367887,1.161217838925637,0.5578571397173157,30,0.32394408291228477
43,невзвешенный,0.2,2.4965486991160097,2875,0.7680027768477312,1.0098690191317703,0.5886906747546582,30,0.28627327613904896
43,невзвешенный,0.25,2.3623808297230986,2875,0.7466913166679733,0.9249396195754954,0.6145435742338078,30,0.24324768637557312
43,по чувствительности,0.02,2.91242221912464,2875,1.306819392966455,2.402862041478378,0.49424749606845775,30,0.403329682231509
43,по чувствительности,0.05,2.8603607209728255,2875,1.5020163120448438,2.8285609583757507,0.5185574101011543,30,0.3900460763653257
43,по чувствительности,0.1,2.775109126515406,2875,0.9745342997075326,1.5173242291449187,0.5721267445098581,30,0.3683123077316975
43,по чувствительности,0.15,2.6751335442079816,2875,0.770414724177977,0.9659239555731651,0.6254702667414473,30,0.34184615186213707
43,по чувствительности,0.2,2.565088577486412,2875,0.7438430049400521,0.8770902567575337,0.6450576407822097,30,0.3102490967134076
43,по чувствительности,0.25,2.4349670164700754,2875,0.7136741330139044,0.8191890250863533,0.6354486769892661,30,0.27019693948122936
43,перемешанный вес,0.02,2.9026267639024677,2875,1.125457763461097,2.0009185020150007,0.47641842730726386,30,0.40201107133291564
43,перемешанный вес,0.05,2.840985076942915,2875,1.0712168100179609,1.8642439372984796,0.4832911868857047,30,0.388852238917585
43,перемешанный вес,0.1,2.7589393148407373,2875,0.9174809436897501,1.452689340915448,0.5206941004406562,30,0.37308212995039053
43,перемешанный вес,0.15,2.660762481476272,2875,0.7979890648062085,1.1253127876528715,0.5553214471415716,30,0.35464263783003697
43,перемешанный вес,0.2,2.556693757279597,2875,0.7809023261848842,1.027528135412237,0.5980616293379554,30,0.33374255358270555
43,перемешанный вес,0.25,2.4168773174367377,2875,0.7960302777747624,1.066183394280036,0.5957471677793322,30,0.30759708557849547
44,исходный выученный,0.0,3.0098539850091592,2875,1.389747108979934,2.4519874084088222,0.6022352213355008,30,
44,невзвешенный,0.02,2.964264243781638,2875,1.330871831134406,2.366145325357732,0.5633522933213531,30,0.36633215223308446
44,невзвешенный,0.05,2.9172934872168903,2875,1.2650793678508478,2.2223912321681065,0.5553581552982585,30,0.35158444765610614
44,невзвешенный,0.1,2.8294514191465128,2875,1.13107955427373,1.898827810083628,0.5618948994516131,30,0.3218039051354759
44,невзвешенный,0.15,2.7240889943146884,2875,1.0109707270597998,1.5983940512829968,0.5754733625236443,30,0.2868038812794392
44,невзвешенный,0.2,2.616975475572789,2875,1.0407364354676996,1.668436404171086,0.575379220632482,30,0.2518034682114151
44,невзвешенный,0.25,2.4782279004128194,2875,1.18735042380308,2.0409692227857694,0.5545040216499538,30,0.2097247784285637
44,по чувствительности,0.02,2.968093519797929,2875,1.2708498114111642,2.2081604143419997,0.5759569113582615,30,0.3678058550035658
44,по чувствительности,0.05,2.9220532322042816,2875,1.1621533734236387,1.9602897770528045,0.5704398918717926,30,0.3541868682447827
44,по чувствительности,0.1,2.834065892884118,2875,0.9471834256215992,1.4320829991545394,0.5876939780114728,30,0.32534521963578383
44,по чувствительности,0.15,2.7443014581194887,2875,0.8679644235161281,1.2346959565206583,0.5960810822698864,30,0.2949161216059903
44,по чувствительности,0.2,2.6453780203228243,2875,1.245500277376394,2.117364402353582,0.5991273585562374,30,0.2610201306108127
44,по чувствительности,0.25,2.5072325184710262,2875,1.141627682434314,1.9221668271021584,0.5629602608271417,30,0.2179693172966871
44,перемешанный вес,0.02,2.974082549811706,2875,1.3129618060426163,2.3122126134284917,0.5721483667692598,30,0.3700928230531834
44,перемешанный вес,0.05,2.930477651932576,2875,1.2255230125134122,2.1191787326298823,0.5629944834870287,30,0.35946660138784237
44,перемешанный вес,0.1,2.8549868775936487,2875,1.0450867423089898,1.6978352308589695,0.5611593346862312,30,0.34501903293382075
44,перемешанный вес,0.15,2.7778417958464106,2875,1.1244874518621124,1.9080515795888071,0.5435774019908377,30,0.3315772006960655
44,перемешанный вес,0.2,2.667034982132721,2875,1.341975643994573,2.452828895625375,0.5184236270375158,30,0.3145780119219309
44,перемешанный вес,0.25,2.490983762363286,2875,1.225176277492995,2.2090446519112663,0.49576689512596644,30,0.2814332970266839
