IdCas,TRCID,CASRN,NAME,INCHIKEY
2207014,16,2207-01-4,"cis-1,2-dimethylcyclohexane",KVZJLSYJROEPSQ-OCAPTIKFSA-N
3452093,70,3452-09-3,1-nonyne,OSSQSXOTMIGBCF-UHFFFAOYSA-N
100185,170,100-18-5,"1,4-diisopropylbenzene",SPPWGCYEYAMHDT-UHFFFAOYSA-N
100414,205,100-41-4,ethylbenzene,YNQLUTRBYVCPMQ-UHFFFAOYSA-N
100425,206,100-42-5,styrene,PPBRXRYQALVLMV-UHFFFAOYSA-N
100470,214,100-47-0,benzonitrile,JFDZBHWFFUWGJE-UHFFFAOYSA-N
100516,219,100-51-6,benzenemethanol,WVDDGKGOMKODPV-UHFFFAOYSA-N
100527,220,100-52-7,benzaldehyde,HUMNYLRZRPPJDN-UHFFFAOYSA-N
100618,225,100-61-8,N-methylaniline,AFBPFSWMIHJQDM-UHFFFAOYSA-N
100663,229,100-66-3,anisole,RDOXTESZEPMUJZ-UHFFFAOYSA-N
102692,304,102-69-2,tripropylamine,YFTHZRPMJXBUME-UHFFFAOYSA-N
102705,305,102-70-5,triallylamine,VPYJNCGUESNPMV-UHFFFAOYSA-N
103117,324,103-11-7,2-ethylhexyl 2-propenoate,GOXQRTZXKQZDDN-UHFFFAOYSA-N
103651,343,103-65-1,propylbenzene,ODLMAHJVESYWTB-UHFFFAOYSA-N
103695,344,103-69-5,N-ethylaminobenzene,OJGMBLNIHDZDGS-UHFFFAOYSA-N
103731,346,103-73-1,ethoxybenzene,DLRJIFUOBPOJNS-UHFFFAOYSA-N
104518,366,104-51-8,butylbenzene,OCKPCBLVNKHBMX-UHFFFAOYSA-N
104574,370,104-57-4,benzyl formate,UYWQUFXKFGHYNT-UHFFFAOYSA-N
104767,377,104-76-7,2-ethyl-1-hexanol,YIWUKEYIRIRTPP-UHFFFAOYSA-N
104870,382,104-87-0,4-methylbenzaldehyde,FXLOVSHXALFLKQ-UHFFFAOYSA-N
105373,398,105-37-3,ethyl propanoate,FKRCODPIKNYEAC-UHFFFAOYSA-N
105395,401,105-39-5,ethyl chloroethanoate,VEUUMBGHMNQHGO-UHFFFAOYSA-N
105464,405,105-46-4,1-methylpropyl ethanoate,DCKVNWZUADLDEH-UHFFFAOYSA-N
105533,408,105-53-3,"diethyl 1,3-propanedioate",IYXGSMUGOJNHAZ-UHFFFAOYSA-N
105544,409,105-54-4,ethyl butanoate,OBNCKNCVKJNDBV-UHFFFAOYSA-N
105588,413,105-58-8,diethyl carbonate,OIFBSDVPJOWBCH-UHFFFAOYSA-N
105668,416,105-66-8,propyl butanoate,HUAZGNHGCJGYNP-UHFFFAOYSA-N
105679,417,105-67-9,"2,4-dimethylphenol",KUFFULVDNCHOFZ-UHFFFAOYSA-N
106354,438,106-35-4,3-heptanone,NGAZZOYFWWSOGK-UHFFFAOYSA-N
106365,439,106-36-5,propyl propanoate,MCSINKKTEDDPNK-UHFFFAOYSA-N
106423,445,106-42-3,"1,4-dimethylbenzene",URLKBWYHVLBVBO-UHFFFAOYSA-N
106434,446,106-43-4,4-chlorotoluene,NPDACUSDTOMAMK-UHFFFAOYSA-N
106489,450,106-48-9,4-chlorophenol,WXNZTHHGJRFXKQ-UHFFFAOYSA-N
106898,470,106-89-8,"1-chloro-2,3-epoxypropane",BRLQWZUYTZBJKN-UHFFFAOYSA-N
106945,473,106-94-5,1-bromopropane,CYNYIHKIEHGYOZ-UHFFFAOYSA-N
106989,478,106-98-9,1-butene,VXNZUUAINFGPBY-UHFFFAOYSA-N
106990,479,106-99-0,"1,3-butadiene",KAKZBPTYRLMSJV-UHFFFAOYSA-N
107028,482,107-02-8,2-propenal,HGINCPLSRVDWNT-UHFFFAOYSA-N
107039,483,107-03-9,1-propanethiol,SUVIGLJNEAMWEG-UHFFFAOYSA-N
107062,486,107-06-2,"1,2-dichloroethane",WSLDOOZREJYCGB-UHFFFAOYSA-N
107084,492,107-08-4,1-iodopropane,PVWOIHVRPOBWPI-UHFFFAOYSA-N
107108,494,107-10-8,propan-1-amine,WGYKZJWCGVVSQN-UHFFFAOYSA-N
107120,496,107-12-0,propanenitrile,FVSKHRXBFJPNKK-UHFFFAOYSA-N
107131,498,107-13-1,acrylonitrile,NLHHRLWOUZZQLW-UHFFFAOYSA-N
1072055,506,1072-05-5,"2,6-dimethylheptane",KBPCCVWUMVGXGF-UHFFFAOYSA-N
107313,521,107-31-3,methyl methanoate,TZIHFWKZFHZASV-UHFFFAOYSA-N
1077163,540,1077-16-3,hexylbenzene,LTEQMZWBSYACLV-UHFFFAOYSA-N
107835,546,107-83-5,2-methylpentane,AFABGHUZZDYHJO-UHFFFAOYSA-N
107879,550,107-87-9,pentan-2-one,XNLICIUVMPYHGG-UHFFFAOYSA-N
108010,561,108-01-0,"2-(N,N-dimethylamino)ethanol",UEEJHVSXFDXPFK-UHFFFAOYSA-N
108032,562,108-03-2,1-nitropropane,JSZOAYXJRCEYSX-UHFFFAOYSA-N
108054,563,108-05-4,vinyl acetate,XTXRWKRVRITETP-UHFFFAOYSA-N
108087,564,108-08-7,"2,4-dimethylpentane",BZHMBWZPUJHVEE-UHFFFAOYSA-N
108101,566,108-10-1,4-methylpentan-2-one,NTIZESTWPVYFNL-UHFFFAOYSA-N
108112,567,108-11-2,4-methyl-2-pentanol,WVYWICLMDOOCFB-UHFFFAOYSA-N
108189,571,108-18-9,diisopropylamine,UAOMVDZJSHZZME-UHFFFAOYSA-N
108203,573,108-20-3,diisopropyl ether,ZAFNJMIOTHYJRJ-UHFFFAOYSA-N
108214,574,108-21-4,1-methylethyl ethanoate,JMMWKPVZQRWMSS-UHFFFAOYSA-N
108327,579,108-32-7,"4-methyl-1,3-dioxolan-2-one",RUOJZAUFBMNUDX-UHFFFAOYSA-N
108361,581,108-36-1,"1,3-dibromobenzene",JSRLURSZEMLAFO-UHFFFAOYSA-N
108383,583,108-38-3,"1,3-dimethylbenzene",IVSZLXZYQVIEFR-UHFFFAOYSA-N
108394,584,108-39-4,3-methylphenol,RLSSMJSEOOYNOY-UHFFFAOYSA-N
108430,586,108-43-0,3-chlorophenol,HORNXRXVQWOLPJ-UHFFFAOYSA-N
108485,591,108-48-5,"2,6-dimethylpyridine",OISVCGZHLKNMSJ-UHFFFAOYSA-N
108645,596,108-64-5,ethyl 3-methylbutanoate,PPXUHEORWJQRHJ-UHFFFAOYSA-N
108678,598,108-67-8,"1,3,5-trimethylbenzene",AUHZEENZYGFFBQ-UHFFFAOYSA-N
108758,603,108-75-8,"2,4,6-trimethylpyridine",BWZVCCNYKMEVEX-UHFFFAOYSA-N
108838,607,108-83-8,"2,6-dimethyl-4-heptanone",PTTPXKJBFFKCEK-UHFFFAOYSA-N
108861,609,108-86-1,bromobenzene,QARVLSVVCXYDNA-UHFFFAOYSA-N
108883,610,108-88-3,toluene,YXFVVABEGXRONW-UHFFFAOYSA-N
108894,611,108-89-4,4-methylpyridine,FKNQCJSGGFJEIZ-UHFFFAOYSA-N
108907,612,108-90-7,chlorobenzene,MVPPADPHJFYWMZ-UHFFFAOYSA-N
108930,614,108-93-0,cyclohexanol,HPXRVTGHNJAIIH-UHFFFAOYSA-N
108941,615,108-94-1,cyclohexanone,JHIVVAPYMSGYDF-UHFFFAOYSA-N
108952,616,108-95-2,phenol,ISWSIDIOOBJBQZ-UHFFFAOYSA-N
108996,619,108-99-6,3-methylpyridine,ITQTTZVARXURQS-UHFFFAOYSA-N
109217,630,109-21-7,butyl butanoate,XUPYJHCZDLZNFP-UHFFFAOYSA-N
109524,635,109-52-4,pentanoic acid,NQPDZGIKBAWPEJ-UHFFFAOYSA-N
109604,639,109-60-4,propyl ethanoate,YKYONYBAUNKHLG-UHFFFAOYSA-N
109659,642,109-65-9,1-bromobutane,MPPPKRYCTPRNTB-UHFFFAOYSA-N
109660,643,109-66-0,pentane,OFBQJSOFQDEBGM-UHFFFAOYSA-N
109671,644,109-67-1,1-pentene,YWAKXRMUMFPDSH-UHFFFAOYSA-N
109693,645,109-69-3,1-chlorobutane,VFWCMGCRMGJXDK-UHFFFAOYSA-N
109739,647,109-73-9,1-butanamine,HQABUPZFAYXKJW-UHFFFAOYSA-N
109740,648,109-74-0,butanenitrile,KVNRLNFWIYMESJ-UHFFFAOYSA-N
109751,649,109-75-1,3-butenenitrile,SJNALLRHIVGIBI-UHFFFAOYSA-N
109795,652,109-79-5,1-butanethiol,WQAQPCDUOCURKW-UHFFFAOYSA-N
109864,658,109-86-4,2-methoxyethan-1-ol,XNWFRZJHXBZDAG-UHFFFAOYSA-N
109944,662,109-94-4,ethyl methanoate,WBJINCZRORDGAQ-UHFFFAOYSA-N
109977,664,109-97-7,pyrrole,KAESVJOAVNADME-UHFFFAOYSA-N
109999,665,109-99-9,tetrahydrofuran,WYURNTSHIVDZCO-UHFFFAOYSA-N
110009,666,110-00-9,furan,YLQBMQCUIZJEEH-UHFFFAOYSA-N
110021,668,110-02-1,thiophene,YTPLMLYBLZKORZ-UHFFFAOYSA-N
110123,672,110-12-3,5-methyl-2-hexanone,FFWSICBKRCICMR-UHFFFAOYSA-N
110190,679,110-19-0,2-methylpropyl ethanoate,GJRQTCIYDGXPES-UHFFFAOYSA-N
110430,689,110-43-0,2-heptanone,CATSNJVOTSVZJV-UHFFFAOYSA-N
110543,696,110-54-3,hexane,VLKZOEOYAKHREP-UHFFFAOYSA-N
110598,700,110-59-8,pentanenitrile,RFFFKMOABOFIDF-UHFFFAOYSA-N
110623,703,110-62-3,pentanal,HGBOYTHUEUWSSQ-UHFFFAOYSA-N
110634,704,110-63-4,"1,4-butanediol",WERYXYBDKMZEQL-UHFFFAOYSA-N
110678,705,110-67-8,3-methoxypropanenitrile,OOWFYDWAMOKVSF-UHFFFAOYSA-N
110747,709,110-74-7,propyl methanoate,KFNNIILCVOLYIR-UHFFFAOYSA-N
110805,713,110-80-5,2-ethoxyethan-1-ol,ZNQVEEAIQZEUHB-UHFFFAOYSA-N
110827,715,110-82-7,cyclohexane,XDTMQSROBMDMFD-UHFFFAOYSA-N
110838,716,110-83-8,cyclohexene,HGCIXCUEYOPUTN-UHFFFAOYSA-N
110861,718,110-86-1,pyridine,JUJWROOIHBZHMG-UHFFFAOYSA-N
110918,720,110-91-8,"tetrahydro-1,4-oxazine",YNAVUWVOSKDBBP-UHFFFAOYSA-N
110963,724,110-96-3,2-methyl-N-(2-methylpropyl)propanamine,NJBCRXCAPCODGX-UHFFFAOYSA-N
111013,728,111-01-3,"2,6,10,15,19,23-hexamethyltetracosane",PRAKJMSDJKAYCZ-UHFFFAOYSA-N
111137,731,111-13-7,2-octanone,ZPVFWPFBNIEHGJ-UHFFFAOYSA-N
111148,732,111-14-8,heptanoic acid,MNWFXJYAOYHMED-UHFFFAOYSA-N
111273,742,111-27-3,hexan-1-ol,ZSIAUFGUXNUGDI-UHFFFAOYSA-N
111433,752,111-43-3,dipropyl ether,POLCUAVZOMRGSN-UHFFFAOYSA-N
111659,765,111-65-9,octane,TVMXDCGIABBOFY-UHFFFAOYSA-N
111660,766,111-66-0,oct-1-ene,KWKAKUADMBZCLK-UHFFFAOYSA-N
111706,770,111-70-6,heptan-1-ol,BBMCTIGTTCKYKF-UHFFFAOYSA-N
111717,771,111-71-7,heptanal,FXHGMKSSBGDXIY-UHFFFAOYSA-N
111842,786,111-84-2,nonane,BKIMMITUMNQMOS-UHFFFAOYSA-N
111875,792,111-87-5,octan-1-ol,KBPLFHHGFOOTCA-UHFFFAOYSA-N
111922,799,111-92-2,dibutylamine,JQVDAXLFBXTEQA-UHFFFAOYSA-N
1120214,812,1120-21-4,undecane,RSJKGSCJYJTIGS-UHFFFAOYSA-N
112061,825,112-06-1,heptyl ethanoate,ZCZSIDMEHXZRLG-UHFFFAOYSA-N
112141,839,112-14-1,octyl ethanoate,YLYBTZIQSIBWLI-UHFFFAOYSA-N
112232,849,112-23-2,heptyl methanoate,XEAMDSXSXYAICO-UHFFFAOYSA-N
112301,863,112-30-1,decan-1-ol,MWKFXSUHUHTGQN-UHFFFAOYSA-N
112312,865,112-31-2,decanal,KSMVZQYAVGTKIV-UHFFFAOYSA-N
112323,866,112-32-3,octyl methanoate,AVBRYQRTMPHARE-UHFFFAOYSA-N
112403,874,112-40-3,dodecane,SNRUBQQJIBEYMU-UHFFFAOYSA-N
112425,877,112-42-5,1-undecanol,KJIOQYGWTQBHNH-UHFFFAOYSA-N
112538,884,112-53-8,dodecan-1-ol,LQZZUXJYWNFBMV-UHFFFAOYSA-N
112549,885,112-54-9,dodecanal,HFJRKMMYBMWEAD-UHFFFAOYSA-N
112583,890,112-58-3,7-oxatridecane,BPIUIOXAFBGMNB-UHFFFAOYSA-N
112721,904,112-72-1,1-tetradecanol,HLZKNKRTKFSKGZ-UHFFFAOYSA-N
1127760,907,1127-76-0,1-ethylnaphthalene,ZMXIYERNXPIYFR-UHFFFAOYSA-N
119368,1001,119-36-8,methyl 2-hydroxybenzoate,OSWPMRLSEDHDFF-UHFFFAOYSA-N
119642,1010,119-64-2,"1,2,3,4-tetrahydronaphthalene",CXWXQJXEFPUFDZ-UHFFFAOYSA-N
120923,1041,120-92-3,cyclopentanone,BGTOWKSIORTVQH-UHFFFAOYSA-N
121697,1054,121-69-7,"N,N-dimethylaniline",JLTDJTHDQAWBAV-UHFFFAOYSA-N
123193,1098,123-19-3,4-heptanone,HCFAJYNVAYBARA-UHFFFAOYSA-N
123251,1101,123-25-1,diethyl butanedioate,DKMROQRQHGEIOW-UHFFFAOYSA-N
123386,1108,123-38-6,propanal,NBBJYMSMWIIQGU-UHFFFAOYSA-N
123397,1109,123-39-7,N-methylformamide,ATHHXGZTWNVVOU-UHFFFAOYSA-N
123546,1110,123-54-6,"2,4-pentanedione",YRKCREAYFQTBPV-UHFFFAOYSA-N
123637,1113,123-63-7,"2,4,6-trimethyl-1,3,5-trioxane",SQYNKIJPMDEDEG-UHFFFAOYSA-N
123728,1115,123-72-8,butanal,ZTQSAGDEMFDKMZ-UHFFFAOYSA-N
123739,1116,123-73-9,(E)-2-butenal,MLUCVPSAIODCQM-NSCUHMNNSA-N
123864,1121,123-86-4,butyl ethanoate,DKPFZGUDAPQIHT-UHFFFAOYSA-N
123911,1122,123-91-1,"1,4-dioxane",RYHBNJHYFVUHQT-UHFFFAOYSA-N
123922,1123,123-92-2,3-methylbutyl ethanoate,MLFHJEHSLIIPHL-UHFFFAOYSA-N
123966,1125,123-96-6,2-octanol,SJWFXCIHNDVPSH-UHFFFAOYSA-N
124118,1133,124-11-8,1-nonene,JRZJOMJEPLMPRA-UHFFFAOYSA-N
124130,1135,124-13-0,octanal,NUJGJRNETVAIRJ-UHFFFAOYSA-N
124185,1136,124-18-5,decane,DIOQZVSQGTUSAI-UHFFFAOYSA-N
124196,1137,124-19-6,nonanal,GYHFUZHODSMOHU-UHFFFAOYSA-N
126330,1150,126-33-0,sulfolane,HXJUTPCZVOIRIF-UHFFFAOYSA-N
126987,1159,126-98-7,isopropenylnitrile,GYCMBHHDWRMZGG-UHFFFAOYSA-N
127184,1165,127-18-4,tetrachloroethene,CYTYCFOTNPOANT-UHFFFAOYSA-N
127195,1166,127-19-5,"N,N-dimethylethanamide",FXHOOIRPVKKKFG-UHFFFAOYSA-N
131113,1189,131-11-3,"dimethyl 1,2-benzenedicarboxylate",NIQCNGHVCWTJSM-UHFFFAOYSA-N
135988,1264,135-98-8,(1-methylpropyl)benzene,ZJMWRROPUADPEA-UHFFFAOYSA-N
137326,1282,137-32-6,2-methyl-1-butanol,QPRQEDXDYOZYLA-UHFFFAOYSA-N
140114,1307,140-11-4,benzyl ethanoate,QUKGYYKBILRGFE-UHFFFAOYSA-N
140294,1309,140-29-4,benzeneacetonitrile,SUSQOBVLVYHIEX-UHFFFAOYSA-N
140885,1321,140-88-5,ethyl propenoate,JIGUQPWFLRLWPJ-UHFFFAOYSA-N
141322,1333,141-32-2,butyl 2-propenoate,CQEYYJKEWSMYFG-UHFFFAOYSA-N
141786,1344,141-78-6,ethyl ethanoate,XEKOWRVHYACXOJ-UHFFFAOYSA-N
141935,1350,141-93-5,"1,3-diethylbenzene",AFZZYIJIWUTJFO-UHFFFAOYSA-N
141979,1351,141-97-9,ethyl 3-oxobutanoate,XYIBRDXRRQCHLP-UHFFFAOYSA-N
142289,1355,142-28-9,"1,3-dichloropropane",YHRUOJUYPBUZOS-UHFFFAOYSA-N
142290,1356,142-29-0,cyclopentene,LPIQUOYDBNQMRZ-UHFFFAOYSA-N
142621,1362,142-62-1,hexanoic acid,FUZZWVXGSFPDMH-UHFFFAOYSA-N
142825,1367,142-82-5,heptane,IMNFDUFMRHMDMM-UHFFFAOYSA-N
142847,1368,142-84-7,dipropylamine,WEHWNAOGRSTTBQ-UHFFFAOYSA-N
142927,1372,142-92-7,hexyl ethanoate,AOGQPLXWSUTHQB-UHFFFAOYSA-N
142961,1373,142-96-1,dibutyl ether,DURPTKYDGMDSBL-UHFFFAOYSA-N
143088,1376,143-08-8,nonan-1-ol,ZWRUINPWMLAQRD-UHFFFAOYSA-N
156592,1571,156-59-2,"(Z)-1,2-dichloroethene",KFUSEUYYWQURPO-UPHRSURJSA-N
1634044,1680,1634-04-4,2-methoxy-2-methylpropane,BZLVMXJERCGZMT-UHFFFAOYSA-N
1640897,1690,1640-89-7,ethylcyclopentane,IFTRQJLVEBNKJK-UHFFFAOYSA-N
1678917,1748,1678-91-7,ethylcyclohexane,IIEWJVIFRVWJOD-UHFFFAOYSA-N
1678939,1750,1678-93-9,butylcyclohexane,GGBJHURWWWLEQH-UHFFFAOYSA-N
2016571,2105,2016-57-1,1-decanamine,MHZGKXUYDGKKIU-UHFFFAOYSA-N
2040951,2132,2040-95-1,butylcyclopentane,ZAGHKONXGGSVDV-UHFFFAOYSA-N
2040962,2133,2040-96-2,propylcyclopentane,KDIAMAVWIJYWHN-UHFFFAOYSA-N
2050922,2153,2050-92-2,dipentylamine,JACMPVXHEARCBO-UHFFFAOYSA-N
2216333,2311,2216-33-3,3-methyloctane,SEEOMASXHIJCDV-UHFFFAOYSA-N
2216344,2312,2216-34-4,4-methyloctane,DOGIHOCMZJUJNR-UHFFFAOYSA-N
287923,2737,287-92-3,cyclopentane,RGSFGYAAUTVSQA-UHFFFAOYSA-N
291645,2766,291-64-5,cycloheptane,DMEGYFMYUHOHGS-UHFFFAOYSA-N
292648,2770,292-64-8,cyclooctane,WJTCGQSWYFHTAC-UHFFFAOYSA-N
3221612,2939,3221-61-2,2-methyloctane,ZUBZATZOEPUUQF-UHFFFAOYSA-N
3522949,3108,3522-94-9,"2,2,5-trimethylhexane",HHOSMYBYIHNXNO-UHFFFAOYSA-N
4351546,3511,4351-54-6,cyclohexyl methanoate,VUXKVKAHWOVIDN-UHFFFAOYSA-N
462066,3622,462-06-6,fluorobenzene,PYLWMHQQBFSUBP-UHFFFAOYSA-N
462953,3630,462-95-3,diethoxymethane,KLKFAASOGCDTDT-UHFFFAOYSA-N
463821,3638,463-82-1,"2,2-dimethylpropane",CRSOQBOWXPBRES-UHFFFAOYSA-N
464062,3639,464-06-2,"2,2,3-trimethylbutane",ZISSAWUMDACLOM-UHFFFAOYSA-N
496117,3741,496-11-7,indane,PQNFLJBBNBOBRQ-UHFFFAOYSA-N
502443,3774,502-44-3,6-hexanolactone,PAPBSGBWRJIAAV-UHFFFAOYSA-N
502567,3776,502-56-7,5-nonanone,WSGCRAOTEDLMFQ-UHFFFAOYSA-N
503742,3792,503-74-2,3-methylbutanoic acid,GWYFCOCPABKNJV-UHFFFAOYSA-N
513359,3862,513-35-9,2-methyl-2-butene,BKOOMYPCSUNDGP-UHFFFAOYSA-N
513360,3863,513-36-0,1-chloro-2-methylpropane,QTBFPMKWQKYFLR-UHFFFAOYSA-N
526738,3930,526-73-8,"1,2,3-trimethylbenzene",FYGHSUNMUKGBRK-UHFFFAOYSA-N
529204,3950,529-20-4,2-methylbenzaldehyde,BTFQKIATRPGRBS-UHFFFAOYSA-N
538681,4012,538-68-1,pentylbenzene,PWATWSYOIIXYMA-UHFFFAOYSA-N
538932,4015,538-93-2,(2-methylpropyl)benzene,KXUHSQYYJYAXGZ-UHFFFAOYSA-N
540545,4041,540-54-5,1-chloropropane,SNMVRZFUUCLYTO-UHFFFAOYSA-N
540841,4049,540-84-1,"2,2,4-trimethylpentane",NHTMVDHEPJAVLT-UHFFFAOYSA-N
540885,4050,540-88-5,"1,1-dimethylethyl ethanoate",WMOVHXAZOJBABW-UHFFFAOYSA-N
541731,4066,541-73-1,"1,3-dichlorobenzene",ZPQOPVIELGIULI-UHFFFAOYSA-N
542552,4076,542-55-2,2-methylpropyl methanoate,AVMSWPWPYJVYKY-UHFFFAOYSA-N
542927,4087,542-92-7,"1,3-cyclopentadiene",ZSWFCLXCOIISFI-UHFFFAOYSA-N
543497,4092,543-49-7,2-heptanol,CETWDUZRCINIHU-UHFFFAOYSA-N
543599,4094,543-59-9,1-chloropentane,SQCZQTSHSZLZIQ-UHFFFAOYSA-N
544138,4104,544-13-8,pentanedinitrile,ZTOMUSMDRMJOTH-UHFFFAOYSA-N
544763,4112,544-76-3,hexadecane,DCAYPVUWAIABOU-UHFFFAOYSA-N
547637,4136,547-63-7,methyl 2-methylpropanoate,BHIWKHZACMWKOJ-UHFFFAOYSA-N
554121,4175,554-12-1,methyl propanoate,RJUFJBKOKNCXHH-UHFFFAOYSA-N
56235,4228,56-23-5,tetrachloromethane,VZGDMQKNWNREIO-UHFFFAOYSA-N
562492,4229,562-49-2,"3,3-dimethylpentane",AEXMKKGTQYQZCS-UHFFFAOYSA-N
563451,4233,563-45-1,3-methyl-1-butene,YHQXBTXEYZIYOV-UHFFFAOYSA-N
563804,4239,563-80-4,3-methyl-2-butanone,SYBYTAAJFKOIEJ-UHFFFAOYSA-N
565593,4252,565-59-3,"2,3-dimethylpentane",WGECXQBGLLYSFP-UHFFFAOYSA-N
565753,4258,565-75-3,"2,3,4-trimethylpentane",RLPGDEORIPLBNF-UHFFFAOYSA-N
565800,4261,565-80-0,"2,4-dimethyl-3-pentanone",HXVNBWAKAOHACI-UHFFFAOYSA-N
56815,4269,56-81-5,glycerol,PEDCQBHIVMGVHV-UHFFFAOYSA-N
57556,4304,57-55-6,"1,2-propanediol",DNIAPMSPPWPWGF-UHFFFAOYSA-N
584021,4360,584-02-1,3-pentanol,AQIXEPGDORPWBJ-UHFFFAOYSA-N
589344,4408,589-34-4,3-methylhexane,VLJXXKKOSFGPHI-UHFFFAOYSA-N
589388,4410,589-38-8,3-hexanone,PFCHFHIRKBAQGU-UHFFFAOYSA-N
589435,4412,589-43-5,"2,4-dimethylhexane",HDGQICNBXPAKLR-UHFFFAOYSA-N
590012,4426,590-01-2,butyl propanoate,BTMVHUNTONAYDX-UHFFFAOYSA-N
590352,4430,590-35-2,"2,2-dimethylpentane",CXOWYJMDMMMMJO-UHFFFAOYSA-N
591504,4458,591-50-4,iodobenzene,SNHMUERNLJLMHN-UHFFFAOYSA-N
591684,4462,591-68-4,butyl pentanoate,OKJADYKTJJGKDX-UHFFFAOYSA-N
591764,4463,591-76-4,2-methylhexane,GXDHCNNESPLIKD-UHFFFAOYSA-N
591786,4464,591-78-6,2-hexanone,QQZOPKMRPOGIEB-UHFFFAOYSA-N
591935,4469,591-93-5,"1,4-pentadiene",QYZLKGVUSQXAMU-UHFFFAOYSA-N
592132,4471,592-13-2,"2,5-dimethylhexane",UWNADWZGEHDQAB-UHFFFAOYSA-N
592416,4477,592-41-6,hex-1-ene,LIKMAJRDDDTEIG-UHFFFAOYSA-N
592427,4478,592-42-7,"1,5-hexadiene",PYGSKMBEVAICCR-UHFFFAOYSA-N
592767,4485,592-76-7,1-heptene,ZGEGCLOFRBLKSE-UHFFFAOYSA-N
592847,4487,592-84-7,butyl methanoate,NMJJFJNHVMGPGM-UHFFFAOYSA-N
598754,4583,598-75-4,3-methyl-2-butanol,MXLMTQWGSQIYOW-UHFFFAOYSA-N
60297,4621,60-29-7,diethyl ether,RTZKZFJDLAIYFH-UHFFFAOYSA-N
6032297,4625,6032-29-7,pentan-2-ol,JYVLIDXNZAXMDK-UHFFFAOYSA-N
611143,4709,611-14-3,1-ethyl-2-methylbenzene,HYFLWBNQFMXCPA-UHFFFAOYSA-N
616455,4813,616-45-5,2-pyrrolidinone,HNJBEVLQSNELDL-UHFFFAOYSA-N
622457,4905,622-45-7,cyclohexyl ethanoate,YYLLIJHXUHJATK-UHFFFAOYSA-N
623427,4924,623-42-7,methyl butanoate,UUIQMZJEGPQKFD-UHFFFAOYSA-N
624920,4966,624-92-0,"2,3-dithiabutane",WQOXQRCZOLPYPM-UHFFFAOYSA-N
62533,4980,62-53-3,aniline,PAYRUJLWNCNPSJ-UHFFFAOYSA-N
627190,5056,627-19-0,1-pentyne,IBXNCJKFFQIKKY-UHFFFAOYSA-N
628320,5082,628-32-0,ethyl propyl ether,NVJUHMXYKCUMQA-UHFFFAOYSA-N
628411,5086,628-41-1,"1,4-cyclohexadiene",UVJHQYIOXKWHFD-UHFFFAOYSA-N
628637,5093,628-63-7,pentyl ethanoate,PGMYKACGEOXYJE-UHFFFAOYSA-N
628717,5097,628-71-7,1-heptyne,YVXHZKKCZYLQOP-UHFFFAOYSA-N
628819,5102,628-81-9,butyl ethyl ether,PZHIWRCQKBBTOW-UHFFFAOYSA-N
628922,5104,628-92-2,cycloheptene,ZXIJMRYMVAMXQP-UHFFFAOYSA-N
628999,5107,628-99-9,2-nonanol,NGDNVOAEIVQRFH-UHFFFAOYSA-N
629049,5110,629-04-9,1-bromoheptane,LSXKDWGTSHCFPP-UHFFFAOYSA-N
629050,5111,629-05-0,1-octyne,UMIPWJGWASORKV-UHFFFAOYSA-N
629334,5119,629-33-4,hexyl methanoate,OUGPMNMLWKSBRI-UHFFFAOYSA-N
629505,5126,629-50-5,tridecane,IIYFAKIEWZDVMP-UHFFFAOYSA-N
629594,5130,629-59-4,tetradecane,BGHCVCJVXZWKCC-UHFFFAOYSA-N
637923,5217,637-92-3,2-ethoxy-2-methylpropane,NUMQCACRALPSHD-UHFFFAOYSA-N
638493,5227,638-49-3,pentyl methanoate,DIQMPQMYFZXDAX-UHFFFAOYSA-N
64175,5245,64-17-5,ethanol,LFQSCWFLJHTTHZ-UHFFFAOYSA-N
64186,5246,64-18-6,formic acid,BDAGIHXWWSANSR-UHFFFAOYSA-N
64197,5247,64-19-7,acetic acid,QTBSBXVTEAMEQO-UHFFFAOYSA-N
66251,5305,66-25-1,hexanal,JARKCYVAAOWBJS-UHFFFAOYSA-N
67561,5350,67-56-1,methanol,OKKJLVBELUTLKV-UHFFFAOYSA-N
67630,5352,67-63-0,propan-2-ol,KFZMGEQAYNKOFK-UHFFFAOYSA-N
67641,5353,67-64-1,acetone,CSCPPACGZOOCGX-UHFFFAOYSA-N
67663,5355,67-66-3,trichloromethane,HEDRZPFGACZZDS-UHFFFAOYSA-N
67685,5356,67-68-5,dimethyl sulfoxide,IAZDPXIOMUYVGZ-UHFFFAOYSA-N
68122,5371,68-12-2,dimethylformamide,ZMXDDKWLCZADIW-UHFFFAOYSA-N
691372,5400,691-37-2,4-methyl-1-pentene,WSSSPWUEQFSQQG-UHFFFAOYSA-N
693027,5411,693-02-7,1-hexyne,CGHIBGNXEGJPQZ-UHFFFAOYSA-N
71238,5514,71-23-8,propan-1-ol,BDERNNFJNOPAEC-UHFFFAOYSA-N
71363,5520,71-36-3,butan-1-ol,LRHPLDYGYMQRHN-UHFFFAOYSA-N
71410,5521,71-41-0,pentan-1-ol,AMQJEAYHLZJPGS-UHFFFAOYSA-N
71432,5523,71-43-2,benzene,UHOVQNZJYSORNB-UHFFFAOYSA-N
71556,5532,71-55-6,"1,1,1-trichloroethane",UOCLXMDMGBRAIB-UHFFFAOYSA-N
74884,5615,74-88-4,iodomethane,INQOMBQAUSQDDS-UHFFFAOYSA-N
74908,5617,74-90-8,hydrogen cyanide,LELOWRISYMNNSU-UHFFFAOYSA-N
74931,5619,74-93-1,methanethiol,LSDPWZHWYPCBBB-UHFFFAOYSA-N
74953,5620,74-95-3,dibromomethane,FJBFPHVGVWTDIP-UHFFFAOYSA-N
74964,5621,74-96-4,bromoethane,RDHPKYGYEGBMSE-UHFFFAOYSA-N
74975,5622,74-97-5,bromochloromethane,JPOXNPPZZKNXOV-UHFFFAOYSA-N
74986,5624,74-98-6,propane,ATUOYWHBWRKTHZ-UHFFFAOYSA-N
75036,5631,75-03-6,iodoethane,HVTICUPFWKNHNG-UHFFFAOYSA-N
75070,5633,75-07-0,ethanal,IKHGUXGNUITLKF-UHFFFAOYSA-N
75092,5635,75-09-2,dichloromethane,YMWUJEATGCHHMB-UHFFFAOYSA-N
75116,5637,75-11-6,diiodomethane,NZZFYRREKKOMAT-UHFFFAOYSA-N
75150,5639,75-15-0,carbon disulfide,QGJOPFRUJISHPQ-UHFFFAOYSA-N
75183,5640,75-18-3,2-thiapropane,QMMFVYPAHWMCMS-UHFFFAOYSA-N
75218,5642,75-21-8,oxirane,IAYPIBMASNFSPL-UHFFFAOYSA-N
75263,5645,75-26-3,2-bromopropane,NAMYKGVDVNBCFQ-UHFFFAOYSA-N
75296,5648,75-29-6,2-chloropropane,ULYZAYCEDJDHCC-UHFFFAOYSA-N
75309,5649,75-30-9,2-iodopropane,FMKOJHQHASLBPH-UHFFFAOYSA-N
75332,5651,75-33-2,2-propanethiol,KJRCEJOSASVSRA-UHFFFAOYSA-N
75343,5652,75-34-3,"1,1-dichloroethane",SCYULBFZEHDVBN-UHFFFAOYSA-N
75650,5673,75-65-0,2-methylpropan-2-ol,DKGAVHZHDRPRBM-UHFFFAOYSA-N
75694,5677,75-69-4,trichlorofluoromethane,CYRMSUTZVYGINF-UHFFFAOYSA-N
75832,5688,75-83-2,"2,2-dimethylbutane",HNRMPXKDFBEGFZ-UHFFFAOYSA-N
75854,5690,75-85-4,2-methylbutan-2-ol,MSXVEPNJUHWQHW-UHFFFAOYSA-N
75978,5696,75-97-8,"3,3-dimethyl-2-butanone",PJGSXYOJTGTZAV-UHFFFAOYSA-N
76131,5713,76-13-1,"1,1,2-trichloro-1,2,2-trifluoroethane",AJDIZQLSFPQPEY-UHFFFAOYSA-N
763291,5746,763-29-1,2-methyl-1-pentene,WWUVJRULCWHUSA-UHFFFAOYSA-N
7732185,5822,7732-18-5,water,XLYOFNOQVPJJNP-UHFFFAOYSA-N
78784,5888,78-78-4,2-methylbutane,QWTDNUCVQCZILF-UHFFFAOYSA-N
78795,5889,78-79-5,"2-methyl-1,3-butadiene",RRHGJUQNOFWUDK-UHFFFAOYSA-N
78820,5891,78-82-0,2-methylpropanenitrile,LRDFRRGEGBBSRN-UHFFFAOYSA-N
78831,5892,78-83-1,2-methyl-1-propanol,ZXEKIIBDNHEJCQ-UHFFFAOYSA-N
78842,5893,78-84-2,2-methylpropanal,AMIMRNSIRUDHCM-UHFFFAOYSA-N
78864,5895,78-86-4,2-chlorobutane,BSPCSKHALVHRSR-UHFFFAOYSA-N
78922,5898,78-92-2,butan-2-ol,BTANRVKWQNVYAZ-UHFFFAOYSA-N
78933,5900,78-93-3,butanone,ZWEHNKRNPOVVGH-UHFFFAOYSA-N
79016,5906,79-01-6,trichloroethene,XSTXAVWGXDQKEL-UHFFFAOYSA-N
79163,5915,79-16-3,N-methylacetamide,OHLUUHNLEMFGTQ-UHFFFAOYSA-N
79209,5917,79-20-9,methyl ethanoate,KXKVLQRXCPHEJC-UHFFFAOYSA-N
79243,5918,79-24-3,nitroethane,MCSAJNNLRCFZED-UHFFFAOYSA-N
79276,5919,79-27-6,"1,1,2,2-tetrabromoethane",QXSZNDIIPUOQMB-UHFFFAOYSA-N
79298,5920,79-29-8,"2,3-dimethylbutane",ZFFMLCVRJBZUDZ-UHFFFAOYSA-N
79312,5922,79-31-2,2-methylpropanoic acid,KQNPFQTWMSNSAP-UHFFFAOYSA-N
79345,5923,79-34-5,"1,1,2,2-tetrachloroethane",QPFMBZIOSGYJDE-UHFFFAOYSA-N
79469,5934,79-46-9,2-nitropropane,FGLBSLMDCBOPQK-UHFFFAOYSA-N
80568,5949,80-56-8,2-pinene,GRWFGVWFFZKLTI-UHFFFAOYSA-N
80626,5951,80-62-6,methyl methacrylate,VVQNEPGJFQJSBK-UHFFFAOYSA-N
821556,5975,821-55-6,2-nonanone,VKCYHJWLYTUGCC-UHFFFAOYSA-N
84662,6047,84-66-2,"diethyl 1,2-benzenedioate",FLKPEMZONWLCSK-UHFFFAOYSA-N
872504,6094,872-50-4,N-methylpyrrolidone,SECXISVLQFMRJM-UHFFFAOYSA-N
88722,6158,88-72-2,2-nitrotoluene,PLAZTCDQAHEYBI-UHFFFAOYSA-N
88733,6159,88-73-3,1-chloro-2-nitrobenzene,BFCFYVKQTRLZHA-UHFFFAOYSA-N
91178,6213,91-17-8,decahydronaphthalene,NNBZCPXTIHJBJL-UHFFFAOYSA-N
91225,6216,91-22-5,quinoline,SMWDFEZZVXVKRB-UHFFFAOYSA-N
91667,6229,91-66-7,"N,N-diethylaniline",GGSUCNLOZRCGPQ-UHFFFAOYSA-N
919948,6239,919-94-8,"1,1-dimethylpropyl ethyl ether",KFRVYYGHSPLXSZ-UHFFFAOYSA-N
93583,6352,93-58-3,methyl benzoate,QPJVMBTYPHYUOC-UHFFFAOYSA-N
93890,6366,93-89-0,ethyl benzoate,MTZQAGJQAFMTAQ-UHFFFAOYSA-N
939275,6369,939-27-5,2-ethylnaphthalene,RJTJVVYSTUQWNI-UHFFFAOYSA-N
95476,6414,95-47-6,"1,2-dimethylbenzene",CTQNGGLPUBDAKN-UHFFFAOYSA-N
95487,6415,95-48-7,2-methylphenol,QWVGKYWNOKOFNN-UHFFFAOYSA-N
95498,6416,95-49-8,2-chlorotoluene,IBSQPLPBRSHTTG-UHFFFAOYSA-N
95501,6417,95-50-1,"1,2-dichlorobenzene",RFFLAFLAYFXFSW-UHFFFAOYSA-N
95534,6418,95-53-4,2-methylaniline,RNVCVTLRINQCPJ-UHFFFAOYSA-N
95636,6422,95-63-6,"1,2,4-trimethylbenzene",GWHJZXXIDMPWGX-UHFFFAOYSA-N
95921,6438,95-92-1,diethyl ethanedioate,WYACBZDAHNBPPB-UHFFFAOYSA-N
96140,6447,96-14-0,3-methylpentane,PFEOZHBOMNWTJB-UHFFFAOYSA-N
96220,6451,96-22-0,pentan-3-one,FDPIMTJIUBPUKL-UHFFFAOYSA-N
96333,6457,96-33-3,methyl propenoate,BAPJBEWLBFYGME-UHFFFAOYSA-N
96377,6460,96-37-7,methylcyclopentane,GDOPTJXRTPNYNR-UHFFFAOYSA-N
97858,6477,97-85-8,2-methylpropyl 2-methylpropanoate,RXGUIWHIADMCFC-UHFFFAOYSA-N
97881,6480,97-88-1,butyl 2-methyl-2-propenoate,SOGAXMICEFXMKE-UHFFFAOYSA-N
98011,6487,98-01-1,2-furaldehyde,HYBBIBNJHNGZAN-UHFFFAOYSA-N
98066,6490,98-06-6,"(1,1-dimethylethyl)benzene",YTZKOQUCBOVLHL-UHFFFAOYSA-N
98828,6510,98-82-8,isopropylbenzene,RWGFKTVRMDUZSP-UHFFFAOYSA-N
98862,6513,98-86-2,acetophenone,KWOLFJPFCHCOCG-UHFFFAOYSA-N
98953,6519,98-95-3,nitrobenzene,LQNUZADURLCDLV-UHFFFAOYSA-N
994058,6533,994-05-8,2-methoxy-2-methylbutane,HVZJRWJGKQPSFL-UHFFFAOYSA-N
99876,6553,99-87-6,1-(1-methylethyl)-4-methylbenzene,HFPZCAJZSCWRBC-UHFFFAOYSA-N
5451923,6878,5451-92-3,nonyl methanoate,MOGJOLMSQWGXPA-UHFFFAOYSA-N
120821,7073,120-82-1,"1,2,4-trichlorobenzene",PBKONEOXTCPAFI-UHFFFAOYSA-N
78875,7112,78-87-5,"1,2-dichloropropane",KNKRKFALVUDBJE-UHFFFAOYSA-N
108872,7175,108-87-2,methylcyclohexane,UAEPNZWRGJTJPN-UHFFFAOYSA-N
75354,7397,75-35-4,"1,1-dichloroethene",LGXVIGDEPROXKC-UHFFFAOYSA-N
77747,7404,77-74-7,3-methyl-3-pentanol,FRDAATYAJDYRNW-UHFFFAOYSA-N
95512,7433,95-51-2,2-chlorobenzeneamine,AKCRQHGQIJBRMN-UHFFFAOYSA-N
97621,7439,97-62-1,ethyl 2-methylpropanoate,WDAXFOBOLVPGLV-UHFFFAOYSA-N
111444,7601,111-44-4,"2,2'-dichlorodiethyl ether",ZNSMNVMLTJELDZ-UHFFFAOYSA-N
107211,7609,107-21-1,"1,2-ethanediol",LYCAIKOWRPUZTN-UHFFFAOYSA-N
107186,7611,107-18-6,2-propenol,XXROGKLTLUQVRX-UHFFFAOYSA-N
630206,7709,630-20-6,"1,1,1,2-tetrachloroethane",QVLAWKAXOMEXPM-UHFFFAOYSA-N
108429,7788,108-42-9,3-chlorobenzenamine,PNPCRKVUWYDDST-UHFFFAOYSA-N
110894,7795,110-89-4,piperidine,NQRYJNQNLNOLGT-UHFFFAOYSA-N
112594,7802,112-59-4,2-(2-hexyloxyethoxy)ethanol,GZMAAYIALGURDQ-UHFFFAOYSA-N
123513,7815,123-51-3,3-methylbutan-1-ol,PHTQWCKDNZKARW-UHFFFAOYSA-N
156605,7850,156-60-5,"(E)-1,2-dichloroethene",KFUSEUYYWQURPO-OWOJBTEDSA-N
589811,8075,589-81-1,3-methylheptane,LAIUFBWHERIJIH-UHFFFAOYSA-N
75525,8151,75-52-5,nitromethane,LYGJENNIWJXYER-UHFFFAOYSA-N
84742,8185,84-74-2,"dibutyl 1,2-benzenedicarboxylate",DOIRQSBPFJWKBE-UHFFFAOYSA-N
87683,8195,87-68-3,"1,1,2,3,4,4-hexachloro-1,3-butadiene",RWNKSTSCBHKHTB-UHFFFAOYSA-N
75058,8335,75-05-8,acetonitrile,WEVYAHXRMPXWCK-UHFFFAOYSA-N
616386,8336,616-38-6,dimethyl carbonate,IEJIGPNLZYLLBP-UHFFFAOYSA-N
76017,8909,76-01-7,pentachloroethane,BNIXVQGCZULYKV-UHFFFAOYSA-N
5989275,10734,5989-27-5,(R)-1-methyl-4-(1-methylethenyl)cyclohexene,XMGQYMWWDOXHJM-JTQLQIEISA-N
79005,11097,79-00-5,"1,1,2-trichloroethane",UBOXGVDOUJQMTN-UHFFFAOYSA-N
3875512,11802,3875-51-2,1-methylethylcyclopentane,TVSBRLGQVHJIKT-UHFFFAOYSA-N
4516692,12822,4516-69-2,"1,1,3-trimethylcyclopentane",OBKHYUIZSOIEPG-UHFFFAOYSA-N
578541,21526,578-54-1,2-ethylaniline,MLPVBIWIRCKMJV-UHFFFAOYSA-N
6876239,24289,6876-23-9,"(1R,2R)-1,2-dimethylcyclohexane",KVZJLSYJROEPSQ-HTQZYQBOSA-N
