seed,arm,aad,aad_aqueous,aad_nonaqueous
42,A выученные форма+площадь,1.7769482101657257,3.3369599097337552,0.5061864369496246
42,B выученная форма + эталонная площадь,2.0008700686460505,3.758348487339091,0.5692549132303486
42,C эталонная форма + выученная площадь,1.013672046088451,1.716975371127929,0.4407718680427205
42,D эталон оба,0.7649746944274517,1.1285733836059906,0.4687927394283241
43,A выученные форма+площадь,1.6621888578396753,3.0551190153469565,0.527529164319251
43,B выученная форма + эталонная площадь,1.5836189979367734,2.8863926611301287,0.5223994117008242
43,C эталонная форма + выученная площадь,0.8042891948452009,1.2316886545570829,0.4561361037847512
43,D эталон оба,0.7649746944274517,1.1285733836059906,0.4687927394283241
44,A выученные форма+площадь,1.7325876825402458,3.182282122869645,0.5516886686901419
44,B выученная форма + эталонная площадь,1.9205960887466462,3.522544548400405,0.6156732694151621
44,C эталонная форма + выученная площадь,1.248263022338837,2.1525214956772007,0.5116678408133836
44,D эталон оба,0.7649746944274517,1.1285733836059906,0.4687927394283241
45,A выученные форма+площадь,1.7484120502397025,3.264647967034249,0.5133093630141471
45,B выученная форма + эталонная площадь,1.894444882803746,3.5535769058783537,0.5429412035520351
45,C эталонная форма + выученная площадь,1.1181954288503533,1.8715619290861563,0.5045145506964589
45,D эталон оба,0.7649746944274517,1.1285733836059906,0.4687927394283241
46,A выученные форма+площадь,1.8352186375920911,3.2857229248644724,0.6536599347553067
46,B выученная форма + эталонная площадь,2.078834863367626,3.7638180202125517,0.7062732442307771
46,C эталонная форма + выученная площадь,1.2056368149844698,2.1239070868534324,0.45762783576017824
46,D эталон оба,0.7649746944274517,1.1285733836059906,0.4687927394283241
