parameter,group,n,mean,std,min,max,q005,q995,fraction_zero,fraction_extreme
sol_token,other,256,-0.0002410494489595294,0.02151346765458584,-0.0569576621055603,0.0661437138915062,-0.05530945537611842,0.05046460302546616,0.0,0.00390625
slv_token,other,256,-0.001636326895095408,0.02130010537803173,-0.06487078964710236,0.06086313724517822,-0.059389928448945285,0.048236205894499985,0.0,0.0
sol_token_gate,other,1,0.0,0.0,0.0,0.0,0.0,0.0,1.0,0.0
slv_token_gate,other,1,0.0,0.0,0.0,0.0,0.0,0.0,1.0,0.0
gnn.node_embed.weight,encoder,9216,0.00014497272786684334,0.09696604311466217,-0.1903652399778366,0.1958734393119812,-0.16841479800641537,0.17097541503608213,0.0,0.0
gnn.node_embed.bias,encoder,256,-0.004132403526455164,0.09492556005716324,-0.1652551144361496,0.16369223594665527,-0.16427933536469935,0.1613070912659168,0.0,0.0
gnn.edge_embed.weight,encoder,3072,-0.0038137950468808413,0.1688278317451477,-0.3140467405319214,0.30945348739624023,-0.2966551440954208,0.2923946602642536,0.0,0.0
gnn.edge_embed.bias,encoder,256,-0.0002975944662466645,0.16188602149486542,-0.2915237247943878,0.28481820225715637,-0.28654545843601226,0.2768377520143986,0.0,0.0
gnn.shared_layers.0.w_disp,timp_disp,1,1.000921368598938,0.0,1.000921368598938,1.000921368598938,1.000921368598938,1.000921368598938,0.0,0.0
gnn.shared_layers.0.b_disp,timp_disp,1,0.000701925135217607,0.0,0.000701925135217607,0.000701925135217607,0.000701925135217607,0.000701925135217607,0.0,0.0
gnn.shared_layers.0.phi_disp.0.weight,timp_disp,196608,2.5250556063838303e-05,0.02152630127966404,-0.0648292601108551,0.05824723094701767,-0.0421134802699089,0.04200726790353656,3.0517578125e-05,5.086263020833333e-06
gnn.shared_layers.0.phi_disp.0.bias,timp_disp,256,0.00041957595385611057,0.021776584908366203,-0.03673209249973297,0.03829115629196167,-0.036395291332155466,0.037278836406767366,0.0,0.0
gnn.shared_layers.0.phi_disp.2.weight,timp_disp,32768,-0.00025807623751461506,0.03631249815225601,-0.07174985110759735,0.07232865691184998,-0.06469588618725539,0.06467862896621228,0.0,0.0
gnn.shared_layers.0.phi_disp.2.bias,timp_disp,128,0.0027666729874908924,0.03615345060825348,-0.061609234660863876,0.06447552889585495,-0.059382344409823415,0.06211658602580426,0.0,0.0
gnn.shared_layers.0.phi_polar.0.weight,timp_polar,196608,-5.5808533943491057e-05,0.021642353385686874,-0.06765369325876236,0.06339000910520554,-0.042613513600081206,0.04299172686412929,1.52587890625e-05,5.086263020833333e-06
gnn.shared_layers.0.phi_polar.0.bias,timp_polar,256,5.628995131701231e-05,0.020022336393594742,-0.037998031824827194,0.037519194185733795,-0.03621968273073435,0.03701874585822224,0.0,0.0
gnn.shared_layers.0.phi_polar.2.weight,timp_polar,32768,-0.0002978973789140582,0.03632081300020218,-0.07346946746110916,0.07476658374071121,-0.06510136615484953,0.06486502904444934,0.0,0.0
gnn.shared_layers.0.phi_polar.2.bias,timp_polar,128,0.00350317545235157,0.03772640600800514,-0.06323108822107315,0.06542151421308517,-0.0630630625411868,0.06448574624955654,0.0,0.0
gnn.shared_layers.0.combine.0.weight,encoder,65536,0.000337544537615031,0.036154888570308685,-0.07820283621549606,0.07546643912792206,-0.06491434313356877,0.06498045250773428,0.0,0.0
gnn.shared_layers.0.combine.0.bias,encoder,256,0.0024172253906726837,0.03501950576901436,-0.06098319590091705,0.060793403536081314,-0.06060470500960946,0.059794155135750766,0.0,0.0
gnn.shared_layers.0.combine.2.weight,encoder,65536,-2.1190351617406122e-05,0.036235254257917404,-0.07349564880132675,0.07368578761816025,-0.0652048522606492,0.06492181904613965,3.0517578125e-05,0.0
gnn.shared_layers.0.combine.2.bias,encoder,256,-0.002970129484310746,0.03572597727179527,-0.06521686911582947,0.06430822610855103,-0.0637002507224679,0.06345332413911818,0.0,0.0
gnn.shared_layers.0.update.0.weight,encoder,131072,-1.7433121684007347e-05,0.025890327990055084,-0.06040482223033905,0.061648834496736526,-0.048301100973039864,0.048240963760763415,0.0,0.0
gnn.shared_layers.0.update.0.bias,encoder,256,-0.0016909391852095723,0.025641802698373795,-0.04811384901404381,0.04876135662198067,-0.04682278400287032,0.0466216020286083,0.0,0.0
gnn.shared_layers.0.update.2.weight,encoder,65536,-3.975139406975359e-06,0.03628413751721382,-0.07561156153678894,0.07478652149438858,-0.06558314729481936,0.0656524397432804,0.0,0.0
gnn.shared_layers.0.update.2.bias,encoder,256,0.0017227878561243415,0.037041861563920975,-0.06571409106254578,0.06706170737743378,-0.06342487754300237,0.06475289370864629,0.0,0.0
gnn.shared_layers.0.norm.weight,encoder,256,1.0007015466690063,0.004481645300984383,0.9867112040519714,1.014542818069458,0.989429059624672,1.0131863951683044,0.0,0.0078125
gnn.shared_layers.0.norm.bias,encoder,256,-0.00017429562285542488,0.0034519422333687544,-0.009374626912176609,0.010385512374341488,-0.007580253761261702,0.00924205288756638,0.0,0.00390625
gnn.shared_layers.1.w_disp,timp_disp,1,1.0046674013137817,0.0,1.0046674013137817,1.0046674013137817,1.0046674013137817,1.0046674013137817,0.0,0.0
gnn.shared_layers.1.b_disp,timp_disp,1,0.0036487022880464792,0.0,0.0036487022880464792,0.0036487022880464792,0.0036487022880464792,0.0036487022880464792,0.0,0.0
gnn.shared_layers.1.phi_disp.0.weight,timp_disp,196608,-0.00010870484402403235,0.021789629012346268,-0.06318922340869904,0.06521286070346832,-0.04390214925631881,0.04356206865981221,5.5948893229166664e-05,0.0
gnn.shared_layers.1.phi_disp.0.bias,timp_disp,256,-0.00020417501218616962,0.02071537636220455,-0.03898201137781143,0.04053094983100891,-0.03630095086991787,0.03891749819740653,0.0,0.0
gnn.shared_layers.1.phi_disp.2.weight,timp_disp,32768,0.00014984424342401326,0.0366072803735733,-0.07744140923023224,0.07793951779603958,-0.06694705937057734,0.0673283351957798,6.103515625e-05,0.0
gnn.shared_layers.1.phi_disp.2.bias,timp_disp,128,0.001305021345615387,0.03753410652279854,-0.0693020224571228,0.06495730578899384,-0.06654206760227681,0.06454228732734918,0.0,0.0
gnn.shared_layers.1.phi_polar.0.weight,timp_polar,196608,-7.038062176434323e-05,0.021783601492643356,-0.061234310269355774,0.06444581598043442,-0.0436688113771379,0.04345642698928714,1.52587890625e-05,0.0
gnn.shared_layers.1.phi_polar.0.bias,timp_polar,256,-0.00040441524470224977,0.021124430000782013,-0.04210229218006134,0.03929588943719864,-0.040554088447242974,0.037508946191519496,0.0,0.0
gnn.shared_layers.1.phi_polar.2.weight,timp_polar,32768,-4.691508365795016e-06,0.03650848567485809,-0.07884978502988815,0.07798472046852112,-0.06623821746557951,0.06637529253959656,6.103515625e-05,0.0
gnn.shared_layers.1.phi_polar.2.bias,timp_polar,128,0.0023071561008691788,0.0377844013273716,-0.0629851371049881,0.06625546514987946,-0.06240074696019292,0.06426547620445489,0.0,0.0
gnn.shared_layers.1.combine.0.weight,encoder,65536,8.469125896226615e-05,0.036889493465423584,-0.08647411316633224,0.08635368943214417,-0.06875820811837911,0.06790330074727531,0.0,0.0
gnn.shared_layers.1.combine.0.bias,encoder,256,-0.0026756576262414455,0.03603758290410042,-0.06237894669175148,0.06749007850885391,-0.0619678208604455,0.06675896868109701,0.0,0.0
gnn.shared_layers.1.combine.2.weight,encoder,65536,-6.008183117955923e-05,0.03634308651089668,-0.07527483254671097,0.07425404340028763,-0.06571604497730732,0.06587140224874014,0.0,0.0
gnn.shared_layers.1.combine.2.bias,encoder,256,0.002805071882903576,0.03385772928595543,-0.06576867401599884,0.06433957070112228,-0.06324108326807618,0.0617160358466208,0.0,0.0
gnn.shared_layers.1.update.0.weight,encoder,131072,7.449995791830588e-06,0.02603073976933956,-0.06422113627195358,0.06463085114955902,-0.048744623083621264,0.04904108008369804,1.52587890625e-05,0.0
gnn.shared_layers.1.update.0.bias,encoder,256,-0.0007063940865918994,0.024787038564682007,-0.046976640820503235,0.04544959217309952,-0.04325587134808302,0.04443956110626459,0.0,0.0
gnn.shared_layers.1.update.2.weight,encoder,65536,-7.120721420506015e-05,0.03624477609992027,-0.07565014064311981,0.07661040127277374,-0.06550128273665905,0.06536282673478125,1.52587890625e-05,0.0
gnn.shared_layers.1.update.2.bias,encoder,256,-0.0003324769204482436,0.03624052554368973,-0.06318598240613937,0.06565366685390472,-0.062037079408764836,0.061778091918677086,0.0,0.0
gnn.shared_layers.1.norm.weight,encoder,256,1.0005003213882446,0.003940913360565901,0.9885873794555664,1.011234998703003,0.9897816747426986,1.0107893526554108,0.0,0.00390625
gnn.shared_layers.1.norm.bias,encoder,256,-6.296674109762534e-05,0.0028974113520234823,-0.007295149378478527,0.008324569091200829,-0.0065545373014174405,0.007515885750763117,0.0,0.0
gnn.shared_layers.2.w_disp,timp_disp,1,1.003332257270813,0.0,1.003332257270813,1.003332257270813,1.003332257270813,1.003332257270813,0.0,0.0
gnn.shared_layers.2.b_disp,timp_disp,1,0.002619740553200245,0.0,0.002619740553200245,0.002619740553200245,0.002619740553200245,0.002619740553200245,0.0,0.0
gnn.shared_layers.2.phi_disp.0.weight,timp_disp,196608,-6.417497206712142e-05,0.021638860926032066,-0.060264166444540024,0.06303583085536957,-0.04282277598977089,0.04268058905377983,2.5431315104166668e-05,0.0
gnn.shared_layers.2.phi_disp.0.bias,timp_disp,256,-0.0009645606041885912,0.02137518674135208,-0.04081431403756142,0.03765839338302612,-0.03998714406043291,0.03577137170359492,0.0,0.0
gnn.shared_layers.2.phi_disp.2.weight,timp_disp,32768,-3.980393739766441e-05,0.03655156120657921,-0.07739708572626114,0.07538212090730667,-0.06538264282047748,0.06539935216307641,0.0,0.0
gnn.shared_layers.2.phi_disp.2.bias,timp_disp,128,-0.001885055098682642,0.03652771934866905,-0.06427433341741562,0.05967945232987404,-0.06397338222712279,0.05933985972777009,0.0,0.0
gnn.shared_layers.2.phi_polar.0.weight,timp_polar,196608,1.2784116734110285e-05,0.02181607484817505,-0.061289217323064804,0.06341375410556793,-0.043730966299772266,0.04347543559968471,3.5603841145833336e-05,0.0
gnn.shared_layers.2.phi_polar.0.bias,timp_polar,256,-0.002207283629104495,0.020355451852083206,-0.04141213372349739,0.037890587002038956,-0.03671018732711673,0.03667325628921389,0.0,0.0
gnn.shared_layers.2.phi_polar.2.weight,timp_polar,32768,3.9213060517795384e-05,0.03667478635907173,-0.07639522850513458,0.07807555794715881,-0.06570790957659484,0.06586045760661365,3.0517578125e-05,0.0
gnn.shared_layers.2.phi_polar.2.bias,timp_polar,128,-0.0016793167451396585,0.03417485952377319,-0.06228043884038925,0.060569655150175095,-0.060670422594994305,0.05956924118101596,0.0,0.0
gnn.shared_layers.2.combine.0.weight,encoder,65536,-0.00019960899953730404,0.036625877022743225,-0.08131418377161026,0.08449641615152359,-0.06659657582640648,0.06663783732801674,3.0517578125e-05,0.0
gnn.shared_layers.2.combine.0.bias,encoder,256,0.0017777882749214768,0.03421681374311447,-0.06563829630613327,0.0656338781118393,-0.06315765678882598,0.06066649928689003,0.0,0.0
gnn.shared_layers.2.combine.2.weight,encoder,65536,0.0001302137679886073,0.036335356533527374,-0.07515466958284378,0.0759621411561966,-0.06548399087041616,0.06601516325026749,1.52587890625e-05,0.0
gnn.shared_layers.2.combine.2.bias,encoder,256,0.002513169776648283,0.03560078516602516,-0.06241985037922859,0.06590630114078522,-0.06200689841061831,0.06401768699288367,0.0,0.0
gnn.shared_layers.2.update.0.weight,encoder,131072,-0.00013519776985049248,0.025948546826839447,-0.06411512196063995,0.060262531042099,-0.04851435175165534,0.048069575838744646,7.62939453125e-06,0.0
gnn.shared_layers.2.update.0.bias,encoder,256,-0.0020852587185800076,0.02545316517353058,-0.04606960341334343,0.044631898403167725,-0.04547790279611945,0.044481078255921604,0.0,0.0
gnn.shared_layers.2.update.2.weight,encoder,65536,-0.00014396758342627436,0.036222219467163086,-0.07589676231145859,0.07359065115451813,-0.06492620892822742,0.06515410561114547,0.0,0.0
gnn.shared_layers.2.update.2.bias,encoder,256,0.000571716227568686,0.035508085042238235,-0.06485612690448761,0.06291284412145615,-0.06372362729161977,0.06256043752655387,0.0,0.0
gnn.shared_layers.2.norm.weight,encoder,256,1.0003693103790283,0.0035867951810359955,0.9920487999916077,1.0114322900772095,0.9928526595234871,1.0106217235326767,0.0,0.00390625
gnn.shared_layers.2.norm.bias,encoder,256,-9.190084529109299e-05,0.002690439112484455,-0.00668304180726409,0.007267098408192396,-0.006211355177219957,0.0071444588247686625,0.0,0.0
gnn.shared_layers.3.w_disp,timp_disp,1,1.0051686763763428,0.0,1.0051686763763428,1.0051686763763428,1.0051686763763428,1.0051686763763428,0.0,0.0
gnn.shared_layers.3.b_disp,timp_disp,1,0.004479455295950174,0.0,0.004479455295950174,0.004479455295950174,0.004479455295950174,0.004479455295950174,0.0,0.0
gnn.shared_layers.3.phi_disp.0.weight,timp_disp,196608,-2.4589009626652114e-05,0.021565886214375496,-0.060127999633550644,0.06339922547340393,-0.04213962230831385,0.042099712062627075,2.5431315104166668e-05,0.0
gnn.shared_layers.3.phi_disp.0.bias,timp_disp,256,0.0003593600704334676,0.020930377766489983,-0.04404984414577484,0.03750380128622055,-0.03688191641122103,0.0361380455084145,0.0,0.0
gnn.shared_layers.3.phi_disp.2.weight,timp_disp,32768,-1.8888837075792253e-05,0.03668048977851868,-0.07692155241966248,0.07352683693170547,-0.06567169178277255,0.06597451232373715,0.0,0.0
gnn.shared_layers.3.phi_disp.2.bias,timp_disp,128,-0.005930950399488211,0.03460978716611862,-0.06065163016319275,0.06241016462445259,-0.06047754392027855,0.062251090221107,0.0,0.0
gnn.shared_layers.3.phi_polar.0.weight,timp_polar,196608,-3.111109253950417e-05,0.021592043340206146,-0.06026375666260719,0.06092776358127594,-0.04268107887357473,0.042588382661342614,2.0345052083333332e-05,0.0
gnn.shared_layers.3.phi_polar.0.bias,timp_polar,256,-0.0003672171151265502,0.01992640644311905,-0.040956005454063416,0.037031494081020355,-0.03469257410615682,0.03630157615989446,0.0,0.0
gnn.shared_layers.3.phi_polar.2.weight,timp_polar,32768,1.1627387721091509e-05,0.03642655536532402,-0.07453959435224533,0.07542822510004044,-0.06593275658786296,0.0658891323953867,0.0,0.0
gnn.shared_layers.3.phi_polar.2.bias,timp_polar,128,-0.0023923530243337154,0.03592628613114357,-0.06628023087978363,0.061368826776742935,-0.06537593431770801,0.060815579220652574,0.0,0.0
gnn.shared_layers.3.combine.0.weight,encoder,65536,-5.3374282288132235e-05,0.036487676203250885,-0.08158315718173981,0.08713656663894653,-0.06648658625781537,0.06604811586439609,0.0,0.0
gnn.shared_layers.3.combine.0.bias,encoder,256,-0.0002976169344037771,0.03610770404338837,-0.0673985406756401,0.06728828698396683,-0.0634328730404377,0.06071817297488451,0.0,0.0
gnn.shared_layers.3.combine.2.weight,encoder,65536,2.119836790370755e-05,0.03638262674212456,-0.07842277735471725,0.07646747678518295,-0.06507433392107487,0.06517555452883242,3.0517578125e-05,0.0
gnn.shared_layers.3.combine.2.bias,encoder,256,0.001366742537356913,0.03430790826678276,-0.061580851674079895,0.06036436930298805,-0.060930227767676114,0.06002242602407932,0.0,0.0
gnn.shared_layers.3.update.0.weight,encoder,131072,6.195307651069015e-05,0.025782538577914238,-0.06171233206987381,0.06335382163524628,-0.047636308670043946,0.04792552767321469,7.62939453125e-06,0.0
gnn.shared_layers.3.update.0.bias,encoder,256,0.0030884896405041218,0.02432427741587162,-0.04547329619526863,0.0426013208925724,-0.044248892646282914,0.04243291905149817,0.0,0.0
gnn.shared_layers.3.update.2.weight,encoder,65536,0.00021483362070284784,0.036168333142995834,-0.07427016645669937,0.07361814379692078,-0.06483362819999457,0.0647665780037641,1.52587890625e-05,0.0
gnn.shared_layers.3.update.2.bias,encoder,256,-0.0021658125333487988,0.0364140160381794,-0.06396771967411041,0.06416831910610199,-0.06255367435514927,0.061805343441665175,0.0,0.0
gnn.shared_layers.3.norm.weight,encoder,256,1.0003527402877808,0.0034413347020745277,0.9921758770942688,1.0115479230880737,0.9926124423742294,1.0102383226156235,0.0,0.0078125
gnn.shared_layers.3.norm.bias,encoder,256,-6.886426854180172e-05,0.0027104432228952646,-0.006623516324907541,0.0065989987924695015,-0.00606174924178049,0.006443067744839934,0.0,0.0
gnn.shared_layers.4.w_disp,timp_disp,1,1.0023796558380127,0.0,1.0023796558380127,1.0023796558380127,1.0023796558380127,1.0023796558380127,0.0,0.0
gnn.shared_layers.4.b_disp,timp_disp,1,0.0019638873636722565,0.0,0.0019638873636722565,0.0019638873636722565,0.0019638873636722565,0.0019638873636722565,0.0,0.0
gnn.shared_layers.4.phi_disp.0.weight,timp_disp,196608,1.1170758625667077e-05,0.021538056433200836,-0.06057904288172722,0.057332977652549744,-0.04213273800909519,0.04199933776631949,3.0517578125e-05,0.0
gnn.shared_layers.4.phi_disp.0.bias,timp_disp,256,-9.018275886774063e-05,0.020756103098392487,-0.039694879204034805,0.03944575786590576,-0.03876445377245545,0.03765094485133886,0.0,0.0
gnn.shared_layers.4.phi_disp.2.weight,timp_disp,32768,0.00021210266277194023,0.03641512989997864,-0.07438250631093979,0.07698088139295578,-0.06535273540765046,0.06573357697576286,3.0517578125e-05,0.0
gnn.shared_layers.4.phi_disp.2.bias,timp_disp,128,-0.0007127581629902124,0.032910220324993134,-0.06622959673404694,0.06097141280770302,-0.062438742946833374,0.06054582502692937,0.0,0.0
gnn.shared_layers.4.phi_polar.0.weight,timp_polar,196608,-9.204779053106904e-05,0.02168288640677929,-0.061126675456762314,0.058123502880334854,-0.04301283285021782,0.04277731750160455,5.086263020833333e-06,0.0
gnn.shared_layers.4.phi_polar.0.bias,timp_polar,256,-0.0004286603652872145,0.020979709923267365,-0.0377296544611454,0.0386812649667263,-0.03577707903459668,0.0367621898651123,0.0,0.0
gnn.shared_layers.4.phi_polar.2.weight,timp_polar,32768,-0.0003572867135517299,0.03643999621272087,-0.07585164904594421,0.0751921758055687,-0.06612672884017229,0.06651540588587522,0.0,0.0
gnn.shared_layers.4.phi_polar.2.bias,timp_polar,128,0.0007120061782188714,0.03667097166180611,-0.06304945796728134,0.06096342206001282,-0.06274925902485848,0.059236606322228894,0.0,0.0
gnn.shared_layers.4.combine.0.weight,encoder,65536,0.00020651656086556613,0.036470793187618256,-0.08136335015296936,0.07474417984485626,-0.06562364436686038,0.06559140887111425,1.52587890625e-05,0.0
gnn.shared_layers.4.combine.0.bias,encoder,256,0.0026410361751914024,0.0369078554213047,-0.06413673609495163,0.0619976744055748,-0.06287273187190294,0.06187918884679675,0.0,0.0
gnn.shared_layers.4.combine.2.weight,encoder,65536,-0.00012511387467384338,0.036316800862550735,-0.07492218911647797,0.07377827167510986,-0.06541009861975908,0.06541729941964147,0.0,0.0
gnn.shared_layers.4.combine.2.bias,encoder,256,0.0012698844075202942,0.03314778581261635,-0.060919780284166336,0.06430918723344803,-0.060361250024288896,0.060109710320830345,0.0,0.0
gnn.shared_layers.4.update.0.weight,encoder,131072,-6.35158212389797e-05,0.02588503621518612,-0.059837017208337784,0.06021169573068619,-0.04789178781211376,0.04778052732348442,1.52587890625e-05,0.0
gnn.shared_layers.4.update.0.bias,encoder,256,0.00016425561625510454,0.023777836933732033,-0.04803308844566345,0.045282382518053055,-0.045473027788102624,0.042751110251992935,0.0,0.0
gnn.shared_layers.4.update.2.weight,encoder,65536,-2.1270687284413725e-05,0.03613511845469475,-0.07431886345148087,0.0731591060757637,-0.06465566474944354,0.06465643327683206,1.52587890625e-05,0.0
gnn.shared_layers.4.update.2.bias,encoder,256,-0.0026547766756266356,0.03535851836204529,-0.0626567080616951,0.06379386782646179,-0.06194441821426153,0.06237812172621488,0.0,0.0
gnn.shared_layers.4.norm.weight,encoder,256,1.0016778707504272,0.003537219250574708,0.9930098056793213,1.0112701654434204,0.9935752153396606,1.0108202576637269,0.0,0.0
gnn.shared_layers.4.norm.bias,encoder,256,6.358344398904592e-05,0.003254440613090992,-0.009180797263979912,0.00903764646500349,-0.007500906428322196,0.00807671470101922,0.0,0.0
gnn.shared_layers.5.w_disp,timp_disp,1,1.0097291469573975,0.0,1.0097291469573975,1.0097291469573975,1.0097291469573975,1.0097291469573975,0.0,0.0
gnn.shared_layers.5.b_disp,timp_disp,1,0.010367481037974358,0.0,0.010367481037974358,0.010367481037974358,0.010367481037974358,0.010367481037974358,0.0,0.0
gnn.shared_layers.5.phi_disp.0.weight,timp_disp,196608,4.160621392657049e-05,0.02206452563405037,-0.06459051370620728,0.060093529522418976,-0.04464241163805127,0.04474416883662341,2.5431315104166668e-05,0.0
gnn.shared_layers.5.phi_disp.0.bias,timp_disp,256,0.003015911439433694,0.022403890267014503,-0.043645452708005905,0.047189027070999146,-0.04206081787124276,0.046456205938011405,0.0,0.0
gnn.shared_layers.5.phi_disp.2.weight,timp_disp,32768,0.00016006972873583436,0.03739602491259575,-0.07989565283060074,0.08079972118139267,-0.07019497085362673,0.07027943413704639,9.1552734375e-05,0.0
gnn.shared_layers.5.phi_disp.2.bias,timp_disp,128,-0.003730776719748974,0.03593362122774124,-0.07435083389282227,0.06840228289365768,-0.07350447934120893,0.06838136661797761,0.0,0.0
gnn.shared_layers.5.phi_polar.0.weight,timp_polar,196608,7.901968638179824e-05,0.021993378177285194,-0.06255108118057251,0.06571175158023834,-0.04428811613470316,0.04447418455034494,3.0517578125e-05,0.0
gnn.shared_layers.5.phi_polar.0.bias,timp_polar,256,0.0016144677065312862,0.020734315738081932,-0.04151486977934837,0.0424746535718441,-0.03803037097677588,0.041266033425927155,0.0,0.0
gnn.shared_layers.5.phi_polar.2.weight,timp_polar,32768,-7.562652172055095e-05,0.03688903525471687,-0.08006519824266434,0.0773465558886528,-0.06701136041432619,0.06733536947518588,3.0517578125e-05,0.0
gnn.shared_layers.5.phi_polar.2.bias,timp_polar,128,-0.0027755158953368664,0.03621361404657364,-0.06702819466590881,0.0636008158326149,-0.06626572757959366,0.06277956932783126,0.0,0.0
gnn.shared_layers.5.combine.0.weight,encoder,65536,-0.00010367152572143823,0.036276817321777344,-0.07423539459705353,0.07531312853097916,-0.06490756869316101,0.0650779882445931,1.52587890625e-05,0.0
gnn.shared_layers.5.combine.0.bias,encoder,256,0.002413240959867835,0.03657025843858719,-0.06681009382009506,0.06702405959367752,-0.06292544081807136,0.0653002917766571,0.0,0.0
gnn.shared_layers.5.combine.2.weight,encoder,65536,-0.0002320247731404379,0.036224134266376495,-0.07459054887294769,0.07410109788179398,-0.06460064724087715,0.06465445403009652,0.0,0.0
gnn.shared_layers.5.combine.2.bias,encoder,256,0.002237149514257908,0.03401297703385353,-0.06459321826696396,0.06058625504374504,-0.059973266627639535,0.05927915563806891,0.0,0.0
gnn.shared_layers.5.update.0.weight,encoder,131072,-6.405198291759007e-06,0.025888536125421524,-0.06099734455347061,0.06078694015741348,-0.048231219388544556,0.04815636966377497,3.0517578125e-05,0.0
gnn.shared_layers.5.update.0.bias,encoder,256,-0.0012838526163250208,0.02474503591656685,-0.049201544374227524,0.04602603241801262,-0.04603907028213143,0.043867286480963226,0.0,0.0
gnn.shared_layers.5.update.2.weight,encoder,65536,-6.052725075278431e-05,0.03628222644329071,-0.0741351842880249,0.07397965341806412,-0.0651643481105566,0.06507252175360918,0.0,0.0
gnn.shared_layers.5.update.2.bias,encoder,256,-0.0002735927700996399,0.03447502478957176,-0.06561192870140076,0.06316185742616653,-0.06400103867053986,0.06142099285498261,0.0,0.0
gnn.shared_layers.5.norm.weight,encoder,256,1.0018548965454102,0.0035932885948568583,0.9912948608398438,1.0127745866775513,0.9935048937797546,1.011800679564476,0.0,0.00390625
gnn.shared_layers.5.norm.bias,encoder,256,0.00016861951735336334,0.002558640670031309,-0.006797654554247856,0.008040090091526508,-0.005889017088338733,0.007216708071064196,0.0,0.00390625
gnn.solute_adapter.0.weight,encoder,65536,-3.0094131943769753e-05,0.03645443916320801,-0.07727301865816116,0.08245708048343658,-0.06560095138847828,0.06570820715278387,0.0,0.0
gnn.solute_adapter.0.bias,encoder,256,-0.0008591259829699993,0.03606246039271355,-0.06761390715837479,0.06784659624099731,-0.06125470334663987,0.06554964687675237,0.0,0.0
gnn.solvent_adapter.0.weight,encoder,65536,-0.00010669750190572813,0.036269430071115494,-0.07569640874862671,0.07500357925891876,-0.06505108401179313,0.06536330357193942,1.52587890625e-05,0.0
gnn.solvent_adapter.0.bias,encoder,256,0.0007949478458613157,0.03730809688568115,-0.0689992681145668,0.06643930077552795,-0.06521714515984059,0.06510916594415903,0.0,0.0
gnn.temp_mlp.0.weight,encoder,768,0.012393069453537464,0.33570992946624756,-0.5766334533691406,0.5771451592445374,-0.5672834461927414,0.5716283440589904,0.0,0.0
gnn.temp_mlp.0.bias,encoder,256,0.015509150922298431,0.3235798478126526,-0.569854199886322,0.5750479698181152,-0.5678695559501648,0.5722470611333847,0.0,0.0
gnn.temp_mlp.2.weight,encoder,131072,-2.9529925086535513e-05,0.036083120852708817,-0.062499381601810455,0.062498658895492554,-0.061877147257328034,0.06189026091247797,4.57763671875e-05,0.0
gnn.temp_mlp.2.bias,encoder,512,0.0023916170466691256,0.035839587450027466,-0.06233961135149002,0.06231504678726196,-0.061336184367537495,0.0617624893784523,0.0,0.0
cross_attn_layers.0.q_proj.weight,interaction,65536,-0.00027034306549467146,0.03632202744483948,-0.07251635193824768,0.073293536901474,-0.06378069557249547,0.0637591354548931,1.52587890625e-05,0.0
cross_attn_layers.0.q_proj.bias,interaction,256,0.0013287224574014544,0.035981640219688416,-0.06579318642616272,0.06777346134185791,-0.06406031493097544,0.0660455534234643,0.0,0.0
cross_attn_layers.0.k_proj.weight,interaction,65536,0.0001076255866792053,0.03630145639181137,-0.07409936934709549,0.07352682948112488,-0.06369530633091927,0.0639236036688089,0.0,0.0
cross_attn_layers.0.k_proj.bias,interaction,256,0.0010192004265263677,0.035520199686288834,-0.06234779953956604,0.06206628307700157,-0.06190274888649583,0.062040279433131215,0.0,0.0
cross_attn_layers.0.v_proj.weight,interaction,65536,2.3041166059556417e-05,0.03629717975854874,-0.07150332629680634,0.06975673884153366,-0.06290624905377626,0.06309848483651877,4.57763671875e-05,0.0
cross_attn_layers.0.v_proj.bias,interaction,256,-0.0006046088528819382,0.03633340448141098,-0.06298606097698212,0.06389379501342773,-0.06274154800921679,0.06216666614636779,0.00390625,0.0
cross_attn_layers.0.out_proj.weight,interaction,65536,-8.03872462711297e-05,0.03618546575307846,-0.06865012645721436,0.0682021975517273,-0.06302170958369971,0.0629825972020626,1.52587890625e-05,0.0
cross_attn_layers.0.out_proj.bias,interaction,256,-0.0015233447775244713,0.03705775737762451,-0.06695050746202469,0.06533166021108627,-0.061990495678037404,0.06502714343369007,0.0,0.0
cross_attn_layers.0.norm1.weight,interaction,256,0.9999219179153442,0.002147110179066658,0.9941447973251343,1.0054256916046143,0.9953078925609589,1.0053754657506944,0.0,0.0
cross_attn_layers.0.norm1.bias,interaction,256,7.075662142597139e-05,0.0015811133198440075,-0.004718751180917025,0.004889339208602905,-0.004369821003638208,0.0038448497653007503,0.0,0.0078125
cross_attn_layers.0.ffn.0.weight,interaction,262144,-8.553971565561369e-05,0.0361299142241478,-0.06952234357595444,0.06857612729072571,-0.06281744040548802,0.0628200448676944,1.52587890625e-05,0.0
cross_attn_layers.0.ffn.0.bias,interaction,1024,0.0015784185379743576,0.03596093878149986,-0.06463266164064407,0.06551599502563477,-0.06223469821736217,0.06213478898629546,0.0,0.0
cross_attn_layers.0.ffn.3.weight,interaction,262144,-2.4201886844821274e-05,0.01815839298069477,-0.03900313377380371,0.03850417211651802,-0.03244839889928699,0.03246388776227832,3.814697265625e-05,0.0
cross_attn_layers.0.ffn.3.bias,interaction,256,0.001339763985015452,0.017866192385554314,-0.03162927180528641,0.032904818654060364,-0.03128006923943758,0.031211577309295534,0.0,0.0
cross_attn_layers.0.norm2.weight,interaction,256,0.999981164932251,0.002002354711294174,0.9946081638336182,1.0052931308746338,0.9946958512067795,1.0051175862550736,0.0,0.0
cross_attn_layers.0.norm2.bias,interaction,256,2.644085543579422e-05,0.001630741753615439,-0.005276546813547611,0.004316112492233515,-0.0045543116284534335,0.0041933399508707215,0.0,0.00390625
cross_attn_layers.0.temp_mlp.0.weight,interaction,768,0.003879135474562645,0.33791252970695496,-0.5750292539596558,0.576279878616333,-0.5725428682565689,0.5655906707048416,0.0,0.0
cross_attn_layers.0.temp_mlp.0.bias,interaction,256,0.010911522433161736,0.3362595736980438,-0.5753209590911865,0.5691060423851013,-0.5680452659726143,0.5623073279857635,0.0,0.0
cross_attn_layers.0.temp_mlp.2.weight,interaction,131072,5.270249675959349e-05,0.03606662526726723,-0.062498994171619415,0.06249977648258209,-0.06186443444341421,0.061889404729008675,2.288818359375e-05,0.0
cross_attn_layers.0.temp_mlp.2.bias,interaction,512,0.00028577237389981747,0.03566944971680641,-0.06240344047546387,0.061795979738235474,-0.062133393809199335,0.06134843043982982,0.0,0.0
cross_attn_layers.1.q_proj.weight,interaction,65536,-0.00016346470511052758,0.036234453320503235,-0.07029199600219727,0.07193039357662201,-0.06354778297245503,0.06375318467617035,3.0517578125e-05,0.0
cross_attn_layers.1.q_proj.bias,interaction,256,-0.002675428055226803,0.03430365398526192,-0.06417446583509445,0.06608650088310242,-0.06049021212384105,0.06253843083977698,0.0,0.0
cross_attn_layers.1.k_proj.weight,interaction,65536,3.2607738830847666e-05,0.03624754771590233,-0.07001201808452606,0.07025416195392609,-0.06349827144294977,0.06373924650251865,0.0,0.0
cross_attn_layers.1.k_proj.bias,interaction,256,-0.003746137721464038,0.0360989011824131,-0.06178725138306618,0.06207761541008949,-0.061444548051804306,0.06117053944617509,0.0,0.0
cross_attn_layers.1.v_proj.weight,interaction,65536,5.897621304029599e-05,0.03623342141509056,-0.0689196065068245,0.06951510906219482,-0.06318916603922844,0.06318094860762356,1.52587890625e-05,0.0
cross_attn_layers.1.v_proj.bias,interaction,256,0.0009370226180180907,0.03612362593412399,-0.06194440275430679,0.06373953074216843,-0.0605515849776566,0.06256397180259228,0.0,0.0
cross_attn_layers.1.out_proj.weight,interaction,65536,-1.0878149623749778e-05,0.03621447831392288,-0.06885673105716705,0.06890957802534103,-0.06323748137801885,0.06310332473367453,1.52587890625e-05,0.0
cross_attn_layers.1.out_proj.bias,interaction,256,0.001948014134541154,0.03541227802634239,-0.06349760293960571,0.06252686679363251,-0.0628925772383809,0.06208168966695666,0.0,0.0
cross_attn_layers.1.norm1.weight,interaction,256,0.99983811378479,0.0020982888527214527,0.9938666820526123,1.0058679580688477,0.9944016590714455,1.0057070523500442,0.0,0.0
cross_attn_layers.1.norm1.bias,interaction,256,-2.3537697416031733e-05,0.0017180831637233496,-0.004701017867773771,0.004091036505997181,-0.004438863042742014,0.0034377076197415588,0.0,0.0
cross_attn_layers.1.ffn.0.weight,interaction,262144,3.033183020306751e-05,0.036101654171943665,-0.07032899558544159,0.06906881183385849,-0.06281801920384168,0.06285670585930347,1.1444091796875e-05,0.0
cross_attn_layers.1.ffn.0.bias,interaction,1024,-0.001538143027573824,0.03638061508536339,-0.06591059267520905,0.06473859399557114,-0.06309866949915886,0.061620573867112394,0.0,0.0
cross_attn_layers.1.ffn.3.weight,interaction,262144,-4.509243808570318e-05,0.01815888285636902,-0.0399186797440052,0.03757669776678085,-0.03247900413349271,0.0324781396612525,2.288818359375e-05,0.0
cross_attn_layers.1.ffn.3.bias,interaction,256,0.0018089539371430874,0.01697506010532379,-0.03199269250035286,0.03214472904801369,-0.031564733292907474,0.031386926909908644,0.0,0.0
cross_attn_layers.1.norm2.weight,interaction,256,0.9999164342880249,0.0020785811357200146,0.9939116835594177,1.00587797164917,0.9946690499782562,1.0057703346014022,0.0,0.0
cross_attn_layers.1.norm2.bias,interaction,256,3.56428608938586e-05,0.0017348420806229115,-0.004235812462866306,0.004598259925842285,-0.003886055835755542,0.00435867612250149,0.0,0.0
cross_attn_layers.1.temp_mlp.0.weight,interaction,768,-0.013823412358760834,0.3358568847179413,-0.5760095119476318,0.576466977596283,-0.5727403798699379,0.566971081495285,0.0,0.0
cross_attn_layers.1.temp_mlp.0.bias,interaction,256,-0.009646265767514706,0.3417049050331116,-0.5765833854675293,0.5735079646110535,-0.5741669163107872,0.5635756477713585,0.0,0.0
cross_attn_layers.1.temp_mlp.2.weight,interaction,131072,-1.8774462660076097e-06,0.036069106310606,-0.06249824911355972,0.06249985843896866,-0.06187779743224382,0.06186860654503107,0.0,0.0
cross_attn_layers.1.temp_mlp.2.bias,interaction,512,0.0017453087493777275,0.03616086766123772,-0.06231534481048584,0.062484897673130035,-0.06189089115709066,0.06208571840077638,0.0,0.0
cross_attn_layers.2.q_proj.weight,interaction,65536,0.00014560170529875904,0.036349158734083176,-0.06979478150606155,0.06973118335008621,-0.06352395247668027,0.06372884977608918,1.52587890625e-05,0.0
cross_attn_layers.2.q_proj.bias,interaction,256,0.004008669406175613,0.03504519537091255,-0.0650603249669075,0.06565751135349274,-0.06442398950457573,0.0634543771855533,0.0,0.0
cross_attn_layers.2.k_proj.weight,interaction,65536,-8.077821257757023e-05,0.03611604496836662,-0.0700196921825409,0.06984176486730576,-0.06364204157143831,0.06360832322388887,0.0,0.0
cross_attn_layers.2.k_proj.bias,interaction,256,-0.004221833311021328,0.034058041870594025,-0.06228170916438103,0.06241339445114136,-0.06227120310068131,0.06212677089497447,0.0,0.0
cross_attn_layers.2.v_proj.weight,interaction,65536,4.53362736152485e-06,0.03621493652462959,-0.0703185424208641,0.06834354251623154,-0.06317579243332147,0.06306527741253376,3.0517578125e-05,0.0
cross_attn_layers.2.v_proj.bias,interaction,256,-0.004582849331200123,0.03590352460741997,-0.06360308080911636,0.06214538589119911,-0.06270476905629038,0.06166851287707686,0.0,0.0
cross_attn_layers.2.out_proj.weight,interaction,65536,-0.00015396400704048574,0.03622812777757645,-0.06978563219308853,0.0696440190076828,-0.06300604213029146,0.06308254189789295,1.52587890625e-05,0.0
cross_attn_layers.2.out_proj.bias,interaction,256,-0.0033715085592120886,0.03552665933966637,-0.061676058918237686,0.061738017946481705,-0.06060594143345952,0.06042530257254838,0.0,0.0
cross_attn_layers.2.norm1.weight,interaction,256,0.9997127652168274,0.002172279404476285,0.9929329752922058,1.0053564310073853,0.9943939700722695,1.0052980571985244,0.0,0.00390625
cross_attn_layers.2.norm1.bias,interaction,256,4.632492345990613e-05,0.0018547007348388433,-0.0038047602865844965,0.005531007423996925,-0.003715490730246529,0.00523367309942841,0.0,0.0
cross_attn_layers.2.ffn.0.weight,interaction,262144,0.0001232788199558854,0.03613276407122612,-0.07076165080070496,0.07072754204273224,-0.06290849857032299,0.06285044636577368,1.9073486328125e-05,0.0
cross_attn_layers.2.ffn.0.bias,interaction,1024,-0.0009759267559275031,0.03643960505723953,-0.06345980614423752,0.06313551217317581,-0.062418424524366856,0.061127830762416124,0.0,0.0
cross_attn_layers.2.ffn.3.weight,interaction,262144,2.274317739647813e-05,0.018139442428946495,-0.03844557702541351,0.03861866518855095,-0.03242979511618614,0.03246495692059398,3.4332275390625e-05,0.0
cross_attn_layers.2.ffn.3.bias,interaction,256,-0.001995295751839876,0.017754899337887764,-0.03515366092324257,0.03299277648329735,-0.031632892228662966,0.031163644930347796,0.0,0.0
cross_attn_layers.2.norm2.weight,interaction,256,1.0003182888031006,0.0024527027271687984,0.9939628839492798,1.0091631412506104,0.9952084735035897,1.007323256134987,0.0,0.00390625
cross_attn_layers.2.norm2.bias,interaction,256,-9.353685891255736e-05,0.001965463627129793,-0.004304459318518639,0.005001732148230076,-0.004100227321032435,0.0044619033229537294,0.0,0.0
cross_attn_layers.2.temp_mlp.0.weight,interaction,768,-0.00011688284575939178,0.334501713514328,-0.5710394978523254,0.5765141844749451,-0.5663837715983391,0.5651438251137731,0.0,0.0
cross_attn_layers.2.temp_mlp.0.bias,interaction,256,-0.026214662939310074,0.3454906642436981,-0.5769832134246826,0.5659607648849487,-0.574685101211071,0.5634631767868995,0.0,0.0
cross_attn_layers.2.temp_mlp.2.weight,interaction,131072,-5.3437554015545174e-05,0.0360785573720932,-0.06249985098838806,0.06249748170375824,-0.06186405975371599,0.061903431974351414,2.288818359375e-05,0.0
cross_attn_layers.2.temp_mlp.2.bias,interaction,512,-0.001858005067333579,0.03453243151307106,-0.062453143298625946,0.062495335936546326,-0.06153840616345405,0.061324117220938196,0.0,0.0
readout.attn_pool.gate.0.weight,other,16384,0.00019470296683721244,0.03691169619560242,-0.08387266099452972,0.0821327343583107,-0.07051418364048004,0.0697113103047013,0.0,0.0
readout.attn_pool.gate.0.bias,other,64,-0.009389964863657951,0.0368613637983799,-0.06063173711299896,0.06392580270767212,-0.06020051635801792,0.0638654114305973,0.0,0.0
readout.attn_pool.gate.2.weight,other,64,0.035530056804418564,0.07364879548549652,-0.1210859939455986,0.1350611448287964,-0.11953385222703218,0.1345070105046034,0.0,0.0
readout.attn_pool.gate.2.bias,other,1,-0.0946308970451355,0.0,-0.0946308970451355,-0.0946308970451355,-0.0946308970451355,-0.0946308970451355,0.0,0.0
readout.set2set.lstm.weight_ih_l0,other,524288,-8.938346581999213e-05,0.036387503147125244,-0.07935922592878342,0.078197181224823,-0.06559332195669412,0.06561731599271298,1.1444091796875e-05,0.0
readout.set2set.lstm.weight_hh_l0,other,262144,9.260805381927639e-05,0.036333490163087845,-0.07684940844774246,0.0775671899318695,-0.06565470941364765,0.06571469947695732,1.9073486328125e-05,0.0
readout.set2set.lstm.bias_ih_l0,other,1024,-0.00023163825972005725,0.03668658435344696,-0.07132900506258011,0.06742221862077713,-0.06702174186706543,0.06495642401278018,0.0,0.0
readout.set2set.lstm.bias_hh_l0,other,1024,-0.0009225978283211589,0.03641858324408531,-0.06789783388376236,0.06830686330795288,-0.06589531496167184,0.06475092753767968,0.0,0.0
readout.disp_pool.gate.0.weight,other,4096,-0.0007010276312939823,0.05099232867360115,-0.10159540921449661,0.0990423783659935,-0.09315141681581736,0.09207488764077426,0.0,0.0
readout.disp_pool.gate.0.bias,other,32,-0.004452403634786606,0.05567258968949318,-0.09604722261428833,0.09798864275217056,-0.09437571067363024,0.09670063469558954,0.0,0.0
readout.disp_pool.gate.2.weight,other,32,0.007436721585690975,0.11591431498527527,-0.18061597645282745,0.18817785382270813,-0.17989236295223235,0.186808617785573,0.0,0.0
readout.disp_pool.gate.2.bias,other,1,0.155420184135437,0.0,0.155420184135437,0.155420184135437,0.155420184135437,0.155420184135437,0.0,0.0
readout.polar_pool.gate.0.weight,other,4096,0.0010292527731508017,0.051766764372587204,-0.10093452781438828,0.10343125462532043,-0.0921752655878663,0.09285327643156052,0.0,0.0
readout.polar_pool.gate.0.bias,other,32,0.00936192274093628,0.05211584270000458,-0.08249636739492416,0.08685676753520966,-0.08220978461205959,0.08619409147650003,0.0,0.0
readout.polar_pool.gate.2.weight,other,32,-0.0258171409368515,0.09838531911373138,-0.17574217915534973,0.14217723906040192,-0.17510169565677644,0.140833300948143,0.0,0.0
readout.polar_pool.gate.2.bias,other,1,0.06758184731006622,0.0,0.06758184731006622,0.06758184731006622,0.06758184731006622,0.06758184731006622,0.0,0.0
pair_repr.mlp.0.weight,other,4194304,3.43996816809522e-06,0.00901865679770708,-0.015624960884451866,0.015624981373548508,-0.01546849863603711,0.01546842317096889,6.413459777832031e-05,0.0
pair_repr.mlp.0.bias,other,1024,-0.00024114172265399247,0.0089107071980834,-0.015616174787282944,0.015605185180902481,-0.01532919648103416,0.015411391109228133,0.0,0.0
pair_repr.mlp.3.weight,other,524288,4.342085958342068e-06,0.018031146377325058,-0.031249981373548508,0.03124983236193657,-0.030938512086868285,0.030937979687005283,3.0517578125e-05,0.0
pair_repr.mlp.3.bias,other,512,-0.0008198504219762981,0.018057269975543022,-0.031194910407066345,0.03122350573539734,-0.0306173687428236,0.03101315701380372,0.0,0.0
timp_pair_repr_combined.mlp.0.weight,other,3145728,7.164667476899922e-05,0.01099951658397913,-0.03761494532227516,0.03477043658494949,-0.022248478829860686,0.02253279382362961,5.2769978841145836e-05,7.311503092447917e-06
timp_pair_repr_combined.mlp.0.bias,other,1024,-0.0002584222238510847,0.010489137843251228,-0.02490781806409359,0.021631456911563873,-0.021938098836690186,0.020951872169971464,0.0,0.0
timp_pair_repr_combined.mlp.3.weight,other,524288,0.0002002693945541978,0.0183720700442791,-0.043462954461574554,0.04502536356449127,-0.03396782131865621,0.03441947562620044,2.86102294921875e-05,0.0
timp_pair_repr_combined.mlp.3.bias,other,512,0.00019685225561261177,0.018509479239583015,-0.03761177510023117,0.03523288667201996,-0.03246255036443472,0.03313017165288329,0.0,0.0
timp_pair_repr_disp.mlp.0.weight,other,524288,-0.0005635785637423396,0.025746697559952736,-0.05500326305627823,0.05575839802622795,-0.04693946136161685,0.04614977926015854,2.6702880859375e-05,0.0
timp_pair_repr_disp.mlp.0.bias,other,1024,-0.00046478305011987686,0.025971155613660812,-0.050410930067300797,0.0473836213350296,-0.04905473390594125,0.045563474502414464,0.0,0.0
timp_pair_repr_disp.mlp.3.weight,other,524288,9.157266322290525e-05,0.01847943849861622,-0.044615279883146286,0.04395049437880516,-0.03507568152621388,0.03500373415648937,1.52587890625e-05,0.0
timp_pair_repr_disp.mlp.3.bias,other,512,-0.0020817392505705357,0.019729692488908768,-0.03832237794995308,0.03588389605283737,-0.037907744273543355,0.03117557035759091,0.0,0.0
timp_pair_repr_polar.mlp.0.weight,other,524288,-0.0003830732312053442,0.025800783187150955,-0.057807452976703644,0.05802902579307556,-0.04763561399653554,0.04672894222661853,2.86102294921875e-05,0.0
timp_pair_repr_polar.mlp.0.bias,other,1024,-0.0004948241403326392,0.025026995688676834,-0.051806192845106125,0.04852166399359703,-0.04767692748457193,0.04551090201362967,0.0,0.0
timp_pair_repr_polar.mlp.3.weight,other,524288,-0.0009351407643407583,0.018493760377168655,-0.04445838928222656,0.04419033229351044,-0.03629677517339587,0.03403944233432412,2.86102294921875e-05,0.0
timp_pair_repr_polar.mlp.3.bias,other,512,-0.0012561710318550467,0.01879112981259823,-0.037270210683345795,0.038448840379714966,-0.0370316893979907,0.03391940250992773,0.0,0.0
timp_pair_proj.weight,other,786432,-5.958846304565668e-05,0.015059328638017178,-0.03724457696080208,0.03723737597465515,-0.02848789408802986,0.02849003768526016,3.814697265625e-05,0.0
timp_pair_proj.bias,other,512,0.0005568769411183894,0.014589669182896614,-0.028882957994937897,0.02913767285645008,-0.02711045427247882,0.027634390350431196,0.0,0.0
timp_disp_probe.0.weight,other,16384,-0.0007900095079094172,0.05361176282167435,-0.11124643683433533,0.10999839752912521,-0.10432304169982672,0.10374942556023592,0.0,0.0
timp_disp_probe.0.bias,other,128,0.0028663668781518936,0.05666429176926613,-0.10091375559568405,0.10889095067977905,-0.09812084376811982,0.1083028395101428,0.0,0.0
timp_disp_probe.2.weight,other,128,-0.0049929190427064896,0.06748791038990021,-0.10968825221061707,0.10945065319538116,-0.10841789953410626,0.10566804811358449,0.0,0.0
timp_disp_probe.2.bias,other,1,0.0164045300334692,0.0,0.0164045300334692,0.0164045300334692,0.0164045300334692,0.0164045300334692,0.0,0.0
timp_polar_probe.0.weight,other,16384,0.00025058237952180207,0.05235422030091286,-0.11054986715316772,0.11516415327787399,-0.09993139896541833,0.09903328884392976,6.103515625e-05,0.0
timp_polar_probe.0.bias,other,128,0.005623592063784599,0.050936389714479446,-0.08754315227270126,0.10248883813619614,-0.08623216401785612,0.10183037050068378,0.0,0.0
timp_polar_probe.2.weight,other,256,0.002730267122387886,0.05869175121188164,-0.10077577829360962,0.10352443158626556,-0.09693483747541905,0.10060979332774878,0.0,0.0
timp_polar_probe.2.bias,other,2,0.045087121427059174,0.04932720959186554,-0.004240086302161217,0.09441433101892471,-0.0037468142062425614,0.09392105892300606,0.0,0.0
solvent_moe.res_scale,solvent_moe,1,-0.0005232087569311261,0.0,-0.0005232087569311261,-0.0005232087569311261,-0.0005232087569311261,-0.0005232087569311261,0.0,0.0
solvent_moe.type_embed.weight,solvent_moe,160,-0.04031120985746384,0.9161865711212158,-2.5467848777770996,2.5099599361419678,-2.16334800362587,2.3493243336677576,0.0,0.0
solvent_moe.gate.0.weight,solvent_moe,135168,-9.988203964894637e-05,0.025125376880168915,-0.04672401025891304,0.04816620796918869,-0.04333097463473678,0.04331563230603934,7.398200757575758e-06,0.0
solvent_moe.gate.0.bias,solvent_moe,256,0.0004650589544326067,0.024511562660336494,-0.04358748346567154,0.044130634516477585,-0.04318760382011533,0.043716694880276914,0.0,0.0
solvent_moe.gate.3.weight,solvent_moe,1536,-0.0010195609647780657,0.035589974373579025,-0.06410760432481766,0.062499064952135086,-0.06210071798413992,0.0615070682950318,0.0,0.0
solvent_moe.gate.3.bias,solvent_moe,6,0.008820860646665096,0.04358982294797897,-0.05939155071973801,0.057889848947525024,-0.05892591029405594,0.057516429480165235,0.0,0.0
solvent_moe.experts.0.0.weight,solvent_moe,262144,-3.09221213683486e-05,0.025576932355761528,-0.04607019200921059,0.046331025660037994,-0.04383277844637632,0.04382865972816944,1.1444091796875e-05,0.0
solvent_moe.experts.0.0.bias,solvent_moe,512,0.00046158244367688894,0.025332678109407425,-0.043862298130989075,0.04490133747458458,-0.043306021634489295,0.04346401194110513,0.0,0.0
solvent_moe.experts.0.3.weight,solvent_moe,262144,-2.5044848371180706e-05,0.02550968900322914,-0.046316854655742645,0.04586451128125191,-0.04381666168570519,0.04381407259032131,1.9073486328125e-05,0.0
solvent_moe.experts.0.3.bias,solvent_moe,512,6.980032776482403e-05,0.02552500180900097,-0.045316509902477264,0.0442679300904274,-0.04459405144676566,0.043701339997351166,0.0,0.0
solvent_moe.experts.1.0.weight,solvent_moe,262144,-5.3049225243739784e-05,0.025499437004327774,-0.045825354754924774,0.046402063220739365,-0.04377711610868573,0.04380232008174062,2.288818359375e-05,0.0
solvent_moe.experts.1.0.bias,solvent_moe,512,-0.00048785354010760784,0.025056039914488792,-0.04430960863828659,0.04367544502019882,-0.04391245156526566,0.04333854272961617,0.0,0.0
solvent_moe.experts.1.3.weight,solvent_moe,262144,-8.574746607337147e-05,0.025516029447317123,-0.04579373821616173,0.045899223536252975,-0.04377778440713882,0.043767182733863604,1.1444091796875e-05,0.0
solvent_moe.experts.1.3.bias,solvent_moe,512,0.0001243850274477154,0.02553607150912285,-0.04503931477665901,0.04377595707774162,-0.04411789460107684,0.04311963999643922,0.0,0.0
solvent_moe.experts.2.0.weight,solvent_moe,262144,3.411176294321194e-05,0.025488562881946564,-0.0462772399187088,0.04618639498949051,-0.043805196229368445,0.04380072480067611,3.0517578125e-05,0.0
solvent_moe.experts.2.0.bias,solvent_moe,512,-9.405985474586487e-05,0.025406204164028168,-0.04477282986044884,0.044187046587467194,-0.04333596110343933,0.04372595265507698,0.0,0.0
solvent_moe.experts.2.3.weight,solvent_moe,262144,8.807101403363049e-05,0.025493813678622246,-0.04592760279774666,0.04582848399877548,-0.043801111076027154,0.04380012046545744,1.52587890625e-05,0.0
solvent_moe.experts.2.3.bias,solvent_moe,512,0.0035846587270498276,0.025237640365958214,-0.04414976015686989,0.04484697803854942,-0.04327815836295486,0.04323555050417781,0.0,0.0
solvent_moe.experts.3.0.weight,solvent_moe,262144,5.2565548685379326e-05,0.025506330654025078,-0.048930469900369644,0.04702732712030411,-0.04410065865144133,0.04417099876329303,3.4332275390625e-05,0.0
solvent_moe.experts.3.0.bias,solvent_moe,512,0.0009798414539545774,0.02549516223371029,-0.04454396665096283,0.04436584934592247,-0.04375714069232345,0.04367369597777724,0.0,0.0
solvent_moe.experts.3.3.weight,solvent_moe,262144,6.03635999141261e-05,0.025520412251353264,-0.0464828759431839,0.046979375183582306,-0.0439610343426466,0.0439992430433631,3.4332275390625e-05,0.0
solvent_moe.experts.3.3.bias,solvent_moe,512,-7.068546256050467e-05,0.02538786642253399,-0.044032517820596695,0.04456194490194321,-0.04358352074399591,0.04387073531746864,0.0,0.0
solvent_moe.experts.4.0.weight,solvent_moe,262144,-4.621291736839339e-06,0.025501618161797523,-0.046350277960300446,0.04632020369172096,-0.043784193582832816,0.04381033033132553,3.4332275390625e-05,0.0
solvent_moe.experts.4.0.bias,solvent_moe,512,-0.000747684040106833,0.024904677644371986,-0.044585373252630234,0.04398491978645325,-0.043856383115053174,0.043228243626654145,0.0,0.0
solvent_moe.experts.4.3.weight,solvent_moe,262144,-4.47009842901025e-05,0.025504406541585922,-0.04578137397766113,0.04589160531759262,-0.04376025229692459,0.043759532999247314,1.9073486328125e-05,0.0
solvent_moe.experts.4.3.bias,solvent_moe,512,-0.0006282945396378636,0.02531314268708229,-0.04489964246749878,0.04472990706562996,-0.0437079045176506,0.04358689192682504,0.0,0.0
solvent_moe.experts.5.0.weight,solvent_moe,262144,8.116409298963845e-05,0.02551804855465889,-0.047443319112062454,0.046538982540369034,-0.04383193666115403,0.04382484586909414,7.62939453125e-06,0.0
solvent_moe.experts.5.0.bias,solvent_moe,512,-0.00042178452713415027,0.025464635342359543,-0.04472460225224495,0.0442550927400589,-0.044039252288639544,0.0438977450504899,0.0,0.0
solvent_moe.experts.5.3.weight,solvent_moe,262144,-2.6214025638182648e-05,0.025486169382929802,-0.04625929892063141,0.0462847575545311,-0.04383152773603797,0.04380762880668044,1.9073486328125e-05,0.0
solvent_moe.experts.5.3.bias,solvent_moe,512,0.0014978379476815462,0.025457900017499924,-0.04466332122683525,0.044880323112010956,-0.043591222520917655,0.04399464329704642,0.0,0.0
head_fusion.mlp.0.weight,crystal_head,262144,2.3141688870964572e-05,0.01881297305226326,-0.05324709042906761,0.05066685751080513,-0.03698148664087057,0.03712397467345,4.1961669921875e-05,0.0
head_fusion.mlp.0.bias,crystal_head,256,-0.000590649142395705,0.017992746084928513,-0.03716390207409859,0.03453686833381653,-0.03578249802812934,0.03327172705903649,0.0,0.0
head_fusion.mlp.2.weight,crystal_head,32768,0.00011038091906812042,0.03641701117157936,-0.07473765313625336,0.07517819851636887,-0.06615417305380106,0.06597931846976282,0.0,0.0
head_fusion.mlp.2.bias,crystal_head,128,-0.0017700677271932364,0.03543064370751381,-0.060322199016809464,0.06992826610803604,-0.06012831304222346,0.06643363475799557,0.0,0.0
head_fusion.mlp.4.weight,crystal_head,256,0.0001803163904696703,0.05309078469872475,-0.08730027079582214,0.09395236521959305,-0.08618860766291618,0.08875228501856326,0.0,0.0
head_fusion.mlp.4.bias,crystal_head,2,0.008204232901334763,0.04331224784255028,-0.035108014941215515,0.05151648074388504,-0.034674892462790013,0.05108335826545954,0.0,0.0
head_nrtl.backbone.0.weight,nrtl_head,263680,2.677481279533822e-05,0.025649530813097954,-0.05340910702943802,0.053312428295612335,-0.04631563887000084,0.046264268979430194,1.8962378640776697e-05,0.0
head_nrtl.backbone.0.bias,nrtl_head,512,0.0018927059136331081,0.025340495631098747,-0.04725344851613045,0.04724154621362686,-0.0442944678477943,0.04540858503431081,0.0,0.0
head_nrtl.backbone.3.weight,nrtl_head,131072,0.00035568405291996896,0.025813104584813118,-0.05681676045060158,0.05337017402052879,-0.046957120522856714,0.04721696129068736,0.0,0.0
head_nrtl.backbone.3.bias,nrtl_head,256,-0.00023823435185477138,0.02622367814183235,-0.04636397212743759,0.04762980714440346,-0.04425281276926398,0.04699929142370819,0.0,0.0
head_nrtl.backbone.6.weight,nrtl_head,32768,0.001102434704080224,0.03634129464626312,-0.07144708931446075,0.07102042436599731,-0.06508432872593403,0.06534768853336573,3.0517578125e-05,0.0
head_nrtl.backbone.6.bias,nrtl_head,128,0.0035666790790855885,0.03790562227368355,-0.06930229812860489,0.06303238123655319,-0.06361951729282737,0.06299922082573176,0.0,0.0
head_nrtl.output.weight,nrtl_head,640,-0.00012363448331598192,0.004510684870183468,-0.009182218462228775,0.010516337119042873,-0.008709786534309387,0.009642598582431609,0.0015625,0.0
head_nrtl.output.bias,nrtl_head,5,-0.08417728543281555,0.16263721883296967,-0.4094367027282715,-0.00046715413918718696,-0.4013544988632202,-0.0005053288140334189,0.0,0.0
head_hansen.mlp.0.weight,hansen_head,131072,-4.914493183605373e-05,0.01846897602081299,-0.04859909787774086,0.05349557474255562,-0.03509964557364583,0.035217372607439755,3.0517578125e-05,0.0
head_hansen.mlp.0.bias,hansen_head,128,-0.0021948618814349174,0.01691877283155918,-0.03492337092757225,0.0330691933631897,-0.03465856784954667,0.032329998649656765,0.0,0.0
head_hansen.mlp.2.weight,hansen_head,384,-0.002431180328130722,0.048915524035692215,-0.09316560626029968,0.08833315968513489,-0.09070096395909787,0.08703768383711576,0.0,0.0
head_hansen.mlp.2.bias,hansen_head,3,0.005039634183049202,0.020583894103765488,-0.02401689626276493,0.02109547331929207,-0.023596324026584625,0.021064921841025354,0.0,0.0
head_aux.mlp.0.weight,other,131072,0.00011973828804912046,0.018154175952076912,-0.04392963647842407,0.041347235441207886,-0.032539280410856006,0.032587516512721786,4.57763671875e-05,0.0
head_aux.mlp.0.bias,other,128,-0.0012607938842847943,0.01733638159930706,-0.03297107666730881,0.0307200625538826,-0.03258999925106764,0.030151247251778836,0.0,0.0
head_aux.mlp.2.weight,other,128,-0.001913344138301909,0.05435165762901306,-0.08435496687889099,0.08579381555318832,-0.08427429657429457,0.0853073950484395,0.0,0.0
head_aux.mlp.2.bias,other,1,-0.052537500858306885,0.0,-0.052537500858306885,-0.052537500858306885,-0.052537500858306885,-0.052537500858306885,0.0,0.0
correction.confidence_net.0.weight,correction,66688,-4.841086047235876e-05,0.025365177541971207,-0.04381002485752106,0.04380657151341438,-0.043384015560150146,0.04332937294617296,0.0,0.0
correction.confidence_net.0.bias,correction,128,0.0007769702933728695,0.026719242334365845,-0.04357289895415306,0.04369338974356651,-0.04299828803166747,0.04365990525111556,0.0,0.0
correction.confidence_net.3.weight,correction,8192,-0.0004977093194611371,0.050944216549396515,-0.08838526904582977,0.08838643878698349,-0.08780459128320217,0.08753194853663444,0.0,0.0
correction.confidence_net.3.bias,correction,64,0.00024930713698267937,0.055540405213832855,-0.0881209746003151,0.08621726930141449,-0.0880389516428113,0.08528776887804271,0.0,0.0
correction.confidence_net.5.weight,correction,64,-0.0029940421227365732,0.07182985544204712,-0.12168703973293304,0.12223656475543976,-0.11962721653282643,0.12127700246870518,0.0,0.0
correction.confidence_net.5.bias,correction,1,2.200000047683716,0.0,2.200000047683716,2.200000047683716,2.200000047683716,2.200000047683716,0.0,0.0
correction.param_delta_net.0.weight,correction,66688,0.00024115561973303556,0.025272376835346222,-0.043810028582811356,0.043808963149785995,-0.04333444945514202,0.043380467873066667,2.9990403071017273e-05,0.0
correction.param_delta_net.0.bias,correction,128,-0.004626166075468063,0.02361885830760002,-0.04143014922738075,0.04372100904583931,-0.04134713228791952,0.04100787334144113,0.0,0.0
correction.param_delta_net.3.weight,correction,8192,0.0002812614548020065,0.05051165074110031,-0.088352270424366,0.08838460594415665,-0.08757008794695138,0.087253657579422,0.0,0.0
correction.param_delta_net.3.bias,correction,64,0.0025989480782300234,0.053759120404720306,-0.08527039736509323,0.08618417382240295,-0.08495078500360251,0.08523499671369791,0.0,0.0
correction.param_delta_net.5.weight,correction,320,0.0,0.0,0.0,0.0,0.0,0.0,1.0,0.0
correction.param_delta_net.5.bias,correction,5,0.0,0.0,0.0,0.0,0.0,0.0,1.0,0.0
token_proj.weight,other,262144,-0.0001321568270213902,0.03607907518744469,-0.06249941140413284,0.06249936670064926,-0.06186983235180378,0.061884836331009864,2.288818359375e-05,0.0
token_proj.bias,other,1024,0.0009323757840320468,0.03567802906036377,-0.06241535395383835,0.06242051720619202,-0.062161641493439675,0.06128474164754152,0.0,0.0
