pair_id,solute_key,solvent_key,solute_name,solvent_name,T_K,m,n_records,g_full,g_res,g_2002_full_UD,g_2002_res_UD,g_2010_dsp_off_full_UD,g_2010_dsp_off_res_UD,method,source_doi,journal,in_broad_idac_set
1,Brc1ccccc1,OCCO,bromobenzene,"1,2-ethanediol",298.0,3.80666248977032,1,2.3291907,2.3972893,2.3328635907192656,2.400962390706029,2.659686145577539,2.727784945564303,Chromatography,10.1016/j.fluid.2013.06.028,Fluid Phase Equilib.,False
2,C#CCCCCC,c1ccncc1,1-heptyne,pyridine,298.15,0.4382549309311553,1,-0.42271066,-0.33948463,-0.4220260436567076,-0.3387994742009193,0.1620460381204814,0.2452726075762705,Chromatography,10.1016/j.fluid.2016.10.009,Fluid Phase Equilib.,True
3,C1=CCCCC1,c1ccncc1,cyclohexene,pyridine,298.15,0.9082585601768908,1,0.7514362,0.7535538,0.7515848555018473,0.7537022367073406,0.7668926496635217,0.7690100308690159,Chromatography,10.1016/j.fluid.2016.10.009,Fluid Phase Equilib.,True
4,C1CCOC1,c1ccncc1,tetrahydrofuran,pyridine,298.15,-0.0725706928348353,1,0.031394117,0.032418128,0.0311193185011245,0.0321436861953617,0.0213552323001412,0.0223795999943774,Chromatography,10.1016/j.fluid.2016.10.009,Fluid Phase Equilib.,True
5,C=CCCCCC,c1ccncc1,1-heptene,pyridine,298.15,1.2725655957915476,1,0.92988384,1.0259014,0.929664193359114,1.0256818240862755,0.9564895920525276,1.0525072227796903,Chromatography,10.1016/j.fluid.2016.10.009,Fluid Phase Equilib.,True
6,CC#N,c1ccncc1,acetonitrile,pyridine,298.15,0.378436435720245,1,0.2506796,0.30116487,0.2508867216375543,0.3013716369501975,0.3259205272494297,0.3764054425620727,Chromatography,10.1016/j.fluid.2016.10.009,Fluid Phase Equilib.,True
7,CC(C)(C)N,CO,2-methyl-2-propanamine,methanol,298.15,-1.3862943611198906,1,-2.0702014,-1.8457854,-2.041037235641289,-1.8166214933183231,-0.5251111203516905,-0.3006953780287275,Chromatography,10.1016/j.tca.2012.02.005,Thermochim. Acta,True
8,CC(C)(C)N,c1ccccc1,2-methyl-2-propanamine,benzene,298.15,0.2776317365982795,1,0.3871958,0.38213038,0.3866690643499716,0.3816033883769067,0.4572159818135526,0.4521503058404878,Chromatography,10.1016/j.tca.2012.02.005,Thermochim. Acta,True
9,CC(C)=O,c1ccncc1,acetone,pyridine,298.15,0.1655144384775733,1,-0.12938318,-0.123257086,-0.1295287642088072,-0.1234031506623802,-0.1401524374310135,-0.1340268238845848,Chromatography,10.1016/j.fluid.2016.10.009,Fluid Phase Equilib.,True
10,CC(C)Br,c1ccncc1,2-bromopropane,pyridine,298.15,0.3001045924503381,1,0.21531785,0.21493687,0.2153818652561883,0.215000709602847,0.2126459840599827,0.2122648284066422,Chromatography,10.1016/j.fluid.2016.10.009,Fluid Phase Equilib.,False
11,CC(Cl)CCl,c1ccncc1,"1,2-dichloropropane",pyridine,298.15,-0.0725706928348353,1,-0.05134876,-0.052733794,-0.0513626881194296,-0.0527477573527194,-0.0464547496594351,-0.0478398188927249,Chromatography,10.1016/j.fluid.2016.10.009,Fluid Phase Equilib.,True
12,CCC(C)N,CO,2-butanamine,methanol,298.15,-0.2876820724517809,1,-1.988091,-1.71357,-1.9609490757888095,-1.6864274666311307,-0.4564554567154912,-0.1819338475578133,Chromatography,10.1016/j.tca.2012.02.005,Thermochim. Acta,True
13,CCC(C)N,c1ccccc1,2-butanamine,benzene,298.15,0.1397619423751586,1,0.41739273,0.4190061,0.4181061021030305,0.4197193247267038,0.4861109354563417,0.4877241580800153,Chromatography,10.1016/j.tca.2012.02.005,Thermochim. Acta,True
14,CCCCCCC,c1ccncc1,heptane,pyridine,298.15,1.913977101952304,1,1.6010193,1.7091057,1.6010256876815037,1.7091120590444138,1.673196828173951,1.7812831995368597,Chromatography,10.1016/j.fluid.2016.10.009,Fluid Phase Equilib.,True
15,CCCCCCCC,c1ccncc1,octane,pyridine,298.15,2.0706530356467567,1,1.7361237,1.9146626,1.736091271783331,1.9146308828433576,1.8169681982975383,1.995507809357565,Chromatography,10.1016/j.fluid.2016.10.009,Fluid Phase Equilib.,True
16,CCCCCCCCC,c1ccncc1,nonane,pyridine,298.15,2.169053700369523,1,1.8571037,2.1161997,1.856861326945928,2.115958407739292,1.94839580682675,2.2074928876201123,Chromatography,10.1016/j.fluid.2016.10.009,Fluid Phase Equilib.,True
17,CCCCCCCCCC,c1ccncc1,decane,pyridine,298.15,2.26176309847379,1,1.9687207,2.318009,1.9684222343742128,2.3177104384391387,2.0699849390018454,2.4192731430667713,Chromatography,10.1016/j.fluid.2016.10.009,Fluid Phase Equilib.,True
18,CCCCCCCCCCC,c1ccncc1,undecane,pyridine,298.15,2.322387720290225,1,2.0760508,2.5215685,2.075535273590596,2.521053203926835,2.1864767979244255,2.6319947282606675,Chromatography,10.1016/j.fluid.2016.10.009,Fluid Phase Equilib.,True
19,CCCCCCN,CO,1-hexanamine,methanol,298.15,2.617395832834079,1,-2.3531065,-1.6630127,-2.3181274084455987,-1.6280326267280127,-0.4766630159532277,0.2134317657643554,Chromatography,10.1016/j.tca.2012.02.005,Thermochim. Acta,True
20,CCCCCCN,c1ccccc1,1-hexanamine,benzene,298.15,2.785011242238338,1,0.51333576,0.5905113,0.51378713109957,0.590963189851954,0.5542753229573739,0.6314513817097577,Chromatography,10.1016/j.tca.2012.02.005,Thermochim. Acta,True
21,CCCCCOC(C)=O,c1ccncc1,pentyl ethanoate,pyridine,298.15,0.1133286853070032,1,0.090770006,0.25630307,0.0907335397664288,0.256266745515029,0.08161076312375,0.2471439688723499,Chromatography,10.1016/j.fluid.2016.10.009,Fluid Phase Equilib.,True
22,CCCCCl,c1ccncc1,1-chlorobutane,pyridine,298.15,0.4317824164255378,1,0.36832905,0.38348845,0.3679817533996529,0.383141471550342,0.373877918646044,0.3890376367967326,Chromatography,10.1016/j.fluid.2016.10.009,Fluid Phase Equilib.,True
23,CCCCN,CO,1-butanamine,methanol,298.15,-0.7765287894989963,1,-2.1751165,-1.8480936,-2.14648586910036,-1.8194627687763352,-0.6602357934937111,-0.3332126931696855,Chromatography,10.1016/j.tca.2012.02.005,Thermochim. Acta,True
24,CCCCOC(C)=O,c1ccncc1,butyl ethanoate,pyridine,298.15,0.1397619423751586,1,0.041572288,0.13856472,0.0923642004091385,0.1866531581874256,0.0819608373719082,0.1762497951501964,Chromatography,10.1016/j.fluid.2016.10.009,Fluid Phase Equilib.,True
25,CCCN(CCC)CCC,CCCCCCCCCCCCCCCC,tripropylamine,hexadecane,298.15,0.009950330853168,1,-0.027608253,0.06533589,-0.0276075125560907,0.0653360284603912,-0.0185789257753542,0.0743646152411276,Chromatography,10.1016/j.tca.2012.02.005,Thermochim. Acta,True
26,CCCN(CCC)CCC,CO,tripropylamine,methanol,298.15,2.1736147116970854,1,1.9625279,3.1498625,1.9860769342504685,3.173410426656375,2.667751594417215,3.8550850868231183,Chromatography,10.1016/j.tca.2012.02.005,Thermochim. Acta,True
27,CCCN(CCC)CCC,c1ccccc1,tripropylamine,benzene,298.15,1.0260415958332745,1,0.5418229,0.78724897,0.5410404642705553,0.7864668290977824,0.5782285310946967,0.8236548959219238,Chromatography,10.1016/j.tca.2012.02.005,Thermochim. Acta,True
28,CCCNCCC,CO,dipropylamine,methanol,298.15,-0.0943106794712412,1,-0.30799937,0.39925873,-0.2793446520859179,0.4279132417379547,0.8418979622356264,1.5491558560595,Chromatography,10.1016/j.tca.2012.02.005,Thermochim. Acta,True
29,CCCNCCC,c1ccccc1,dipropylamine,benzene,298.15,0.3920420877760237,1,0.27609518,0.35471985,0.2753976465521355,0.3540226052024083,0.3377896837905465,0.4164146424408198,Chromatography,10.1016/j.tca.2012.02.005,Thermochim. Acta,True
30,CCNCC,CO,diethylamine,methanol,298.15,-1.1086626245216111,1,-0.6362963,-0.299353,-0.6088460536507325,-0.2719028149721617,0.464785668582554,0.8017289072611249,Chromatography,10.1016/j.tca.2012.02.005,Thermochim. Acta,True
31,CCc1ccccc1,c1ccncc1,ethylbenzene,pyridine,298.15,0.3646431135879092,1,0.34576875,0.39490116,0.3455462148703792,0.3946792721592573,0.3543676630717573,0.4035007203606343,Chromatography,10.1016/j.fluid.2016.10.009,Fluid Phase Equilib.,True
32,CO,C1CCNCC1,methanol,piperidine,298.15,-0.843970070294529,1,-2.3838868,-2.2131088,-2.3832409831186387,-2.2124628584517363,-0.975379158645505,-0.8046010339786037,Chromatography,10.1016/j.tca.2012.02.005,Thermochim. Acta,True
33,CO,CC(C)(C)N,methanol,2-methyl-2-propanamine,298.15,-1.2378743560016174,1,-3.1503158,-2.9932392,-3.1465898070794207,-2.9895131704397055,-1.5213964022676243,-1.3643197656279096,Chromatography,10.1016/j.tca.2012.02.005,Thermochim. Acta,True
34,CO,CCC(C)N,methanol,2-butanamine,298.15,-0.9675840262617056,1,-3.202367,-3.022578,-3.200184963093876,-3.0203960415379427,-1.5384224053022677,-1.358633483746335,Chromatography,10.1016/j.tca.2012.02.005,Thermochim. Acta,True
35,CO,CCCCCCN,methanol,1-hexanamine,298.15,-0.9675840262617056,1,-3.2278166,-2.8679962,-3.2249240600015057,-2.865103801170561,-1.5298413430389035,-1.1700210842079597,Chromatography,10.1016/j.tca.2012.02.005,Thermochim. Acta,True
36,CO,CCCCN,methanol,1-butanamine,298.15,-1.0498221244986778,1,-2.9974842,-2.7933424,-2.9956456777085574,-2.791504126226613,-1.586020901397315,-1.38187934991537,Chromatography,10.1016/j.tca.2012.02.005,Thermochim. Acta,True
37,CO,CCCNCCC,methanol,dipropylamine,298.15,-0.371063681390832,1,-2.3326044,-1.9671131,-2.33203933044384,-1.966547784036722,-0.6270639735352073,-0.2615724271280901,Chromatography,10.1016/j.tca.2012.02.005,Thermochim. Acta,True
38,CO,CCNCC,methanol,diethylamine,298.15,-0.6733445532637656,1,-2.3540065,-2.145322,-2.3490878398215354,-2.1404033924709367,-0.6850522333974542,-0.4763677860468558,Chromatography,10.1016/j.tca.2012.02.005,Thermochim. Acta,True
39,CO,Cc1cccc(C)n1,methanol,"2,6-dimethylpyridine",298.15,-0.4942963218147801,1,-0.7780535,-0.48970625,-0.7792552196088307,-0.4909081447641555,0.7145849850401155,1.0029320598847908,Chromatography,10.1016/j.tca.2012.02.005,Thermochim. Acta,True
40,CO,Cc1ccccn1,methanol,2-methylpyridine,298.15,-0.2357223335210698,1,-1.0717295,-0.8601537,-1.068963939852523,-0.8573881665700385,0.5748037484630988,0.786379521745583,Chromatography,10.1016/j.tca.2012.02.005,Thermochim. Acta,True
41,CO,Cc1cccnc1,methanol,3-methylpyridine,298.15,-0.0618754037180875,1,-1.0637339,-0.8538982,-1.0619925534788972,-0.8521565212712509,0.5719761221744366,0.7818121543820823,Chromatography,10.1016/j.tca.2012.02.005,Thermochim. Acta,True
42,CO,Cc1ccncc1,methanol,4-methylpyridine,298.15,-0.3856624808119846,1,-1.1147029,-0.9020446,-1.1133638244216562,-0.9007057381951991,0.5362800960981273,0.7489381823245843,Chromatography,10.1016/j.tca.2012.02.005,Thermochim. Acta,True
43,CO,NC1CCCCC1,methanol,cyclohexylamine,298.15,-1.1086626245216111,1,-3.209142,-2.9817524,-3.2073801203133123,-2.979990580153876,-1.5068087667297958,-1.2794192265703592,Chromatography,10.1016/j.tca.2012.02.005,Thermochim. Acta,True
44,Cc1ccc(C)cc1,c1ccncc1,"1,4-dimethylbenzene",pyridine,298.15,0.4446858212614457,1,0.38893226,0.445505,0.3893264112045688,0.4458992955838514,0.3977656733235686,0.4543385577028497,Chromatography,10.1016/j.fluid.2016.10.009,Fluid Phase Equilib.,True
45,Cc1cccc(C)c1,c1ccncc1,"1,3-dimethylbenzene",pyridine,298.15,0.4317824164255378,1,0.37456998,0.4302354,0.3741574151512532,0.4298226156290982,0.3838083817216542,0.4394735821994981,Chromatography,10.1016/j.fluid.2016.10.009,Fluid Phase Equilib.,True
46,Cc1cccc(C)n1,CO,"2,6-dimethylpyridine",methanol,298.15,-0.0618754037180875,1,0.13826776,0.64445305,0.1539426874912278,0.6601275422790248,0.9727476561073428,1.4789325108951397,Chromatography,10.1016/j.tca.2012.02.005,Thermochim. Acta,True
47,Cc1ccccc1,OCCO,toluene,"1,2-ethanediol",298.0,4.532599493153256,1,2.614268,2.6737874,2.620002670235674,2.6795225341730027,2.9883950299666298,3.047914893903959,Chromatography,10.1016/j.fluid.2013.06.028,Fluid Phase Equilib.,True
48,Cc1ccccc1C,c1ccncc1,"1,2-dimethylbenzene",pyridine,298.15,0.3435897043900768,1,0.32588995,0.36914423,0.3262066853339936,0.3694613975154492,0.3361552861018483,0.3794099982833026,Chromatography,10.1016/j.fluid.2016.10.009,Fluid Phase Equilib.,True
49,Cc1ccccn1,CO,2-methylpyridine,methanol,298.15,-0.2876820724517809,1,-0.21361536,0.12400299,-0.1976435573814119,0.1399750003459459,0.7466872351266298,1.084305792853988,Chromatography,10.1016/j.tca.2012.02.005,Thermochim. Acta,True
50,Cc1cccnc1,CO,3-methylpyridine,methanol,298.15,-0.1984509387238383,1,-0.36034238,-0.027333736,-0.3415410010497299,-0.0085325728410352,0.7068479464162452,1.0398563746249398,Chromatography,10.1016/j.tca.2012.02.005,Thermochim. Acta,True
51,Cc1cccnc1,c1ccccc1,3-methylpyridine,benzene,298.15,-0.0408219945202551,1,-0.014476173,-0.0075269868,-0.0144227045940574,-0.0074733761665329,-0.0166967513964857,-0.0097474229689615,Chromatography,10.1016/j.tca.2012.02.005,Thermochim. Acta,True
52,Cc1ccncc1,CO,4-methylpyridine,methanol,298.15,0.0,1,-0.41438434,-0.075458914,-0.395334351903505,-0.0564087903224737,0.684804066942338,1.0237296285233657,Chromatography,10.1016/j.tca.2012.02.005,Thermochim. Acta,True
53,Clc1ccccc1,OCCO,chlorobenzene,"1,2-ethanediol",298.0,3.688879454113936,1,2.294168,2.3521826,2.29817212516683,2.3561867025772187,2.620664765084826,2.6786793424952133,Chromatography,10.1016/j.fluid.2013.06.028,Fluid Phase Equilib.,True
54,Fc1ccccc1,OCCO,fluorobenzene,"1,2-ethanediol",298.0,3.4657359027997265,1,2.033733,2.0636067,2.0360102998034093,2.0658841635098764,2.3284759630702507,2.3583498267767187,Chromatography,10.1016/j.fluid.2013.06.028,Fluid Phase Equilib.,True
55,Ic1ccccc1,OCCO,iodobenzene,"1,2-ethanediol",298.0,3.737669618283368,1,2.4515097,2.5395813,2.455112069048191,2.5431840732939617,2.790362980661824,2.878434984907598,Chromatography,10.1016/j.fluid.2013.06.028,Fluid Phase Equilib.,False
56,NC1CCCCC1,CO,cyclohexylamine,methanol,298.15,1.5706970841176695,1,-2.1672482,-1.8135078,-2.1351270847544557,-1.7813870699312755,-0.3935122685500223,-0.0397722537268416,Chromatography,10.1016/j.tca.2012.02.005,Thermochim. Acta,True
57,NC1CCCCC1,c1ccccc1,cyclohexylamine,benzene,298.15,1.860974538249528,1,0.45489323,0.45723495,0.4548264428901775,0.4571677934546618,0.529807638782671,0.5321489893471559,Chromatography,10.1016/j.tca.2012.02.005,Thermochim. Acta,True
58,c1ccc2ccccc2c1,OCCO,naphthalene,"1,2-ethanediol",298.0,5.472270673671475,1,2.7117102,2.845021,3.0221887941158174,3.1560179941875717,3.452844024633038,3.5866732247047906,Chromatography,10.1016/j.fluid.2013.06.028,Fluid Phase Equilib.,True
59,c1ccccc1,OCCO,benzene,"1,2-ethanediol",298.0,3.4657359027997265,1,2.1075256,2.123638,2.1100713547120025,2.126184282341815,2.430801140238386,2.446914067868199,Chromatography,10.1016/j.fluid.2013.06.028,Fluid Phase Equilib.,True
60,c1ccncc1,CO,pyridine,methanol,298.15,0.1823215567939546,1,-0.28169072,-0.085931,-0.2668682256141357,-0.0711082430603381,0.651188666079887,0.8469486486336855,Chromatography,10.1016/j.tca.2012.02.005,Thermochim. Acta,True
