axis,stratum,unit,convention,n_bins,within_bin_variance,n,rows_per_bin,mse,b_insuff_up,margin,P_boot,margin_ci90_lo,margin_ci90_hi,cell_defined
whole_set,all,row,full,3,ML,477,159.0,1.9108,0.8342,0.2424,0.63,-0.749,0.994,True
whole_set,all,row,full,3,Be,477,159.0,1.9108,0.8395,0.2318,0.628,-0.735,1.029,True
whole_set,all,row,full,4,ML,477,119.25,1.9108,0.7068,0.4972,0.914,-0.129,1.367,True
whole_set,all,row,full,4,Be,477,119.25,1.9108,0.7128,0.4852,0.917,-0.104,1.35,True
whole_set,all,row,full,5,ML,477,95.4,1.9108,0.5375,0.8358,0.979,0.163,1.557,True
whole_set,all,row,full,5,Be,477,95.4,1.9108,0.5432,0.8244,0.979,0.144,1.526,True
whole_set,all,row,full,6,ML,477,79.5,1.9108,0.5375,0.8357,0.992,0.314,1.699,True
whole_set,all,row,full,6,Be,477,79.5,1.9108,0.5443,0.8221,0.994,0.306,1.682,True
whole_set,all,row,full,7,ML,477,68.14,1.9108,0.4846,0.9416,0.997,0.423,1.819,True
whole_set,all,row,full,7,Be,477,68.14,1.9108,0.4918,0.9272,0.998,0.447,1.778,True
whole_set,all,row,full,8,ML,477,59.62,1.9108,0.474,0.9628,1.0,0.507,1.857,True
whole_set,all,row,full,8,Be,477,59.62,1.9108,0.482,0.9467,0.998,0.492,1.869,True
whole_set,all,row,full,10,ML,477,47.7,1.9108,0.4249,1.061,0.999,0.612,1.979,True
whole_set,all,row,full,10,Be,477,47.7,1.9108,0.434,1.0428,0.999,0.583,1.938,True
whole_set,all,row,full,12,ML,477,39.75,1.9108,0.4308,1.0492,0.999,0.644,2.012,True
whole_set,all,row,full,12,Be,477,39.75,1.9108,0.4419,1.027,1.0,0.63,2.017,True
whole_set,all,row,full,16,ML,477,29.81,1.9108,0.3988,1.1131,1.0,0.707,2.159,True
whole_set,all,row,full,16,Be,477,29.81,1.9108,0.4127,1.0854,1.0,0.696,2.106,True
whole_set,all,row,full,20,ML,477,23.85,1.9108,0.3692,1.1723,1.0,0.772,2.209,True
whole_set,all,row,full,20,Be,477,23.85,1.9108,0.3854,1.14,1.0,0.755,2.153,True
whole_set,all,row,full,24,ML,477,19.88,1.9108,0.3624,1.1859,1.0,0.804,2.299,True
whole_set,all,row,full,24,Be,477,19.88,1.9108,0.3816,1.1476,1.0,0.781,2.241,True
whole_set,all,row,full,32,ML,477,14.91,1.9108,0.3506,1.2095,1.0,0.865,2.329,True
whole_set,all,row,full,32,Be,477,14.91,1.9108,0.3758,1.1592,1.0,0.846,2.326,True
whole_set,all,row,full,40,ML,477,11.93,1.9108,0.3033,1.3042,1.0,0.913,2.416,True
whole_set,all,row,full,40,Be,477,11.93,1.9108,0.331,1.2488,1.0,0.879,2.344,True
whole_set,all,row,full,48,ML,477,9.94,1.9108,0.3124,1.2859,1.0,0.954,2.511,True
whole_set,all,row,full,48,Be,477,9.94,1.9108,0.3473,1.2162,1.0,0.902,2.387,True
whole_set,all,row,res,3,ML,477,159.0,1.9018,0.8955,0.1108,0.431,-1.338,1.326,True
whole_set,all,row,res,3,Be,477,159.0,1.9018,0.9011,0.0995,0.44,-1.344,1.337,True
whole_set,all,row,res,4,ML,477,119.25,1.9018,0.9396,0.0225,0.662,-0.772,1.653,True
whole_set,all,row,res,4,Be,477,119.25,1.9018,0.9476,0.0066,0.664,-0.775,1.63,True
whole_set,all,row,res,5,ML,477,95.4,1.9018,0.7023,0.4973,0.789,-0.421,1.893,True
whole_set,all,row,res,5,Be,477,95.4,1.9018,0.7097,0.4824,0.789,-0.415,1.927,True
whole_set,all,row,res,6,ML,477,79.5,1.9018,0.6942,0.5134,0.857,-0.269,2.022,True
whole_set,all,row,res,6,Be,477,79.5,1.9018,0.703,0.4957,0.855,-0.262,1.929,True
whole_set,all,row,res,7,ML,477,68.14,1.9018,0.6574,0.587,0.906,-0.151,2.173,True
whole_set,all,row,res,7,Be,477,68.14,1.9018,0.6672,0.5674,0.898,-0.156,2.074,True
whole_set,all,row,res,8,ML,477,59.62,1.9018,0.6849,0.532,0.93,-0.052,2.211,True
whole_set,all,row,res,8,Be,477,59.62,1.9018,0.6966,0.5086,0.922,-0.091,2.216,True
whole_set,all,row,res,10,ML,477,47.7,1.9018,0.6169,0.6679,0.965,0.057,2.325,True
whole_set,all,row,res,10,Be,477,47.7,1.9018,0.6301,0.6415,0.961,0.045,2.305,True
whole_set,all,row,res,12,ML,477,39.75,1.9018,0.5818,0.7382,0.982,0.138,2.418,True
whole_set,all,row,res,12,Be,477,39.75,1.9018,0.5968,0.7081,0.974,0.115,2.378,True
whole_set,all,row,res,16,ML,477,29.81,1.9018,0.5734,0.755,0.997,0.26,2.465,True
whole_set,all,row,res,16,Be,477,29.81,1.9018,0.5933,0.7152,0.99,0.209,2.498,True
whole_set,all,row,res,20,ML,477,23.85,1.9018,0.5111,0.8795,0.997,0.31,2.56,True
whole_set,all,row,res,20,Be,477,23.85,1.9018,0.5335,0.8347,0.994,0.299,2.498,True
whole_set,all,row,res,24,ML,477,19.88,1.9018,0.5146,0.8725,0.999,0.369,2.583,True
whole_set,all,row,res,24,Be,477,19.88,1.9018,0.5419,0.818,0.997,0.334,2.563,True
whole_set,all,row,res,32,ML,477,14.91,1.9018,0.4852,0.9313,1.0,0.453,2.652,True
whole_set,all,row,res,32,Be,477,14.91,1.9018,0.5201,0.8615,0.999,0.412,2.677,True
whole_set,all,row,res,40,ML,477,11.93,1.9018,0.4375,1.0268,1.0,0.533,2.785,True
whole_set,all,row,res,40,Be,477,11.93,1.9018,0.4776,0.9466,1.0,0.462,2.667,True
whole_set,all,row,res,48,ML,477,9.94,1.9018,0.4214,1.059,1.0,0.599,2.816,True
whole_set,all,row,res,48,Be,477,9.94,1.9018,0.4686,0.9645,1.0,0.522,2.807,True
whole_set,all,pair,full,3,ML,185,61.67,1.6792,0.9665,-0.2538,0.301,-1.599,0.664,True
whole_set,all,pair,full,3,Be,185,61.67,1.6792,0.9825,-0.2858,0.273,-1.749,0.555,True
whole_set,all,pair,full,4,ML,185,46.25,1.6792,0.7924,0.0944,0.653,-0.669,1.055,True
whole_set,all,pair,full,4,Be,185,46.25,1.6792,0.8099,0.0594,0.621,-0.775,1.029,True
whole_set,all,pair,full,5,ML,185,37.0,1.6792,0.5936,0.492,0.816,-0.371,1.269,True
whole_set,all,pair,full,5,Be,185,37.0,1.6792,0.6101,0.459,0.809,-0.34,1.219,True
whole_set,all,pair,full,6,ML,185,30.83,1.6792,0.5813,0.5165,0.901,-0.161,1.436,True
whole_set,all,pair,full,6,Be,185,30.83,1.6792,0.6008,0.4776,0.888,-0.2,1.377,True
whole_set,all,pair,full,7,ML,185,26.43,1.6792,0.5793,0.5206,0.944,-0.02,1.472,True
whole_set,all,pair,full,7,Be,185,26.43,1.6792,0.602,0.4752,0.942,-0.033,1.494,True
whole_set,all,pair,full,8,ML,185,23.12,1.6792,0.4733,0.7327,0.968,0.071,1.609,True
whole_set,all,pair,full,8,Be,185,23.12,1.6792,0.4946,0.6901,0.96,0.052,1.57,True
whole_set,all,pair,full,10,ML,185,18.5,1.6792,0.4524,0.7744,0.988,0.211,1.7,True
whole_set,all,pair,full,10,Be,185,18.5,1.6792,0.4782,0.7229,0.985,0.174,1.703,True
whole_set,all,pair,full,12,ML,185,15.42,1.6792,0.4683,0.7426,0.994,0.291,1.794,True
whole_set,all,pair,full,12,Be,185,15.42,1.6792,0.5005,0.6781,0.991,0.239,1.742,True
whole_set,all,pair,full,16,ML,185,11.56,1.6792,0.4368,0.8055,0.999,0.38,1.942,True
whole_set,all,pair,full,16,Be,185,11.56,1.6792,0.4779,0.7235,0.997,0.325,1.906,True
whole_set,all,pair,full,20,ML,185,9.25,1.6792,0.4264,0.8264,0.999,0.453,2.069,True
whole_set,all,pair,full,20,Be,185,9.25,1.6792,0.4775,0.7243,0.999,0.381,1.988,True
whole_set,all,pair,full,24,ML,185,7.71,1.6792,0.4008,0.8775,1.0,0.49,2.174,True
whole_set,all,pair,full,24,Be,185,7.71,1.6792,0.4601,0.7591,1.0,0.446,2.079,True
whole_set,all,pair,full,32,ML,185,5.78,1.6792,0.35,0.9791,1.0,0.615,2.262,True
whole_set,all,pair,full,32,Be,185,5.78,1.6792,0.423,0.8333,1.0,0.505,2.192,True
whole_set,all,pair,full,40,ML,185,4.62,1.6792,0.316,1.0473,1.0,0.669,2.31,True
whole_set,all,pair,full,40,Be,185,4.62,1.6792,0.4032,0.8728,1.0,0.606,2.302,True
whole_set,all,pair,full,48,ML,185,3.85,1.6792,0.3353,1.0085,1.0,0.664,2.402,True
whole_set,all,pair,full,48,Be,185,3.85,1.6792,0.4532,0.7727,1.0,0.639,2.338,True
whole_set,all,pair,res,3,ML,185,61.67,1.5396,1.0969,-0.6542,0.156,-1.853,0.386,True
whole_set,all,pair,res,3,Be,185,61.67,1.5396,1.1151,-0.6905,0.143,-1.898,0.375,True
whole_set,all,pair,res,4,ML,185,46.25,1.5396,0.8471,-0.1546,0.378,-1.116,0.81,True
whole_set,all,pair,res,4,Be,185,46.25,1.5396,0.8658,-0.192,0.355,-1.11,0.757,True
whole_set,all,pair,res,5,ML,185,37.0,1.5396,0.7741,-0.0086,0.577,-0.702,1.078,True
whole_set,all,pair,res,5,Be,185,37.0,1.5396,0.7956,-0.0516,0.513,-0.755,0.961,True
whole_set,all,pair,res,6,ML,185,30.83,1.5396,0.7252,0.0892,0.689,-0.475,1.132,True
whole_set,all,pair,res,6,Be,185,30.83,1.5396,0.7495,0.0406,0.645,-0.543,1.134,True
whole_set,all,pair,res,7,ML,185,26.43,1.5396,0.6891,0.1615,0.771,-0.353,1.224,True
whole_set,all,pair,res,7,Be,185,26.43,1.5396,0.7161,0.1075,0.74,-0.376,1.22,True
whole_set,all,pair,res,8,ML,185,23.12,1.5396,0.6073,0.325,0.83,-0.246,1.345,True
whole_set,all,pair,res,8,Be,185,23.12,1.5396,0.6347,0.2702,0.798,-0.306,1.302,True
whole_set,all,pair,res,10,ML,185,18.5,1.5396,0.6049,0.3299,0.897,-0.13,1.472,True
whole_set,all,pair,res,10,Be,185,18.5,1.5396,0.6393,0.261,0.871,-0.201,1.396,True
whole_set,all,pair,res,12,ML,185,15.42,1.5396,0.6071,0.3255,0.931,-0.062,1.532,True
whole_set,all,pair,res,12,Be,185,15.42,1.5396,0.6492,0.2412,0.907,-0.096,1.5,True
whole_set,all,pair,res,16,ML,185,11.56,1.5396,0.5288,0.482,0.973,0.102,1.713,True
whole_set,all,pair,res,16,Be,185,11.56,1.5396,0.5789,0.3819,0.952,0.005,1.623,True
whole_set,all,pair,res,20,ML,185,9.25,1.5396,0.5097,0.5202,0.989,0.173,1.784,True
whole_set,all,pair,res,20,Be,185,9.25,1.5396,0.5723,0.3951,0.972,0.094,1.748,True
whole_set,all,pair,res,24,ML,185,7.71,1.5396,0.5292,0.4812,0.993,0.204,1.894,True
whole_set,all,pair,res,24,Be,185,7.71,1.5396,0.6085,0.3226,0.983,0.137,1.852,True
whole_set,all,pair,res,32,ML,185,5.78,1.5396,0.4883,0.563,0.999,0.348,2.012,True
whole_set,all,pair,res,32,Be,185,5.78,1.5396,0.592,0.3557,0.992,0.246,1.965,True
whole_set,all,pair,res,40,ML,185,4.62,1.5396,0.4585,0.6227,1.0,0.441,2.144,True
whole_set,all,pair,res,40,Be,185,4.62,1.5396,0.5907,0.3583,0.999,0.33,2.055,True
whole_set,all,pair,res,48,ML,185,3.85,1.5396,0.4664,0.6069,1.0,0.484,2.194,True
whole_set,all,pair,res,48,Be,185,3.85,1.5396,0.6309,0.2779,1.0,0.414,2.076,True
solvent_class,glycol_ether,row,full,3,ML,182,60.67,2.4627,0.5867,1.2894,0.996,0.646,2.806,True
solvent_class,glycol_ether,row,full,3,Be,182,60.67,2.4627,0.5965,1.2698,0.997,0.651,2.806,True
solvent_class,glycol_ether,row,full,4,ML,182,45.5,2.4627,0.2698,1.9231,1.0,0.997,2.966,True
solvent_class,glycol_ether,row,full,4,Be,182,45.5,2.4627,0.2759,1.911,1.0,0.977,2.939,True
solvent_class,glycol_ether,row,full,5,ML,182,36.4,2.4627,0.2507,1.9614,1.0,1.189,3.127,True
solvent_class,glycol_ether,row,full,5,Be,182,36.4,2.4627,0.2577,1.9473,1.0,1.164,3.049,True
solvent_class,glycol_ether,row,full,6,ML,182,30.33,2.4627,0.2209,2.021,1.0,1.27,3.229,True
solvent_class,glycol_ether,row,full,6,Be,182,30.33,2.4627,0.2284,2.006,1.0,1.29,3.213,True
solvent_class,glycol_ether,row,full,7,ML,182,26.0,2.4627,0.1697,2.1233,1.0,1.373,3.19,True
solvent_class,glycol_ether,row,full,7,Be,182,26.0,2.4627,0.1765,2.1097,1.0,1.346,3.275,True
solvent_class,glycol_ether,row,full,8,ML,182,22.75,2.4627,0.1111,2.2406,1.0,1.384,3.278,True
solvent_class,glycol_ether,row,full,8,Be,182,22.75,2.4627,0.1161,2.2305,1.0,1.389,3.292,True
solvent_class,glycol_ether,row,full,10,ML,182,18.2,2.4627,0.1133,2.2361,1.0,1.422,3.401,True
solvent_class,glycol_ether,row,full,10,Be,182,18.2,2.4627,0.1199,2.2229,1.0,1.448,3.297,True
solvent_class,glycol_ether,row,full,12,ML,182,15.17,2.4627,0.0608,2.3412,1.0,1.433,3.368,True
solvent_class,glycol_ether,row,full,12,Be,182,15.17,2.4627,0.065,2.3327,1.0,1.471,3.394,True
solvent_class,glycol_ether,row,full,16,ML,182,11.38,2.4627,0.0531,2.3565,1.0,1.51,3.45,True
solvent_class,glycol_ether,row,full,16,Be,182,11.38,2.4627,0.0582,2.3463,1.0,1.468,3.425,True
solvent_class,glycol_ether,row,full,20,ML,182,9.1,2.4627,0.0442,2.3744,1.0,1.49,3.374,True
solvent_class,glycol_ether,row,full,20,Be,182,9.1,2.4627,0.0496,2.3635,1.0,1.502,3.418,True
solvent_class,glycol_ether,row,full,24,ML,182,7.58,2.4627,0.0378,2.3871,1.0,1.502,3.465,True
solvent_class,glycol_ether,row,full,24,Be,182,7.58,2.4627,0.0435,2.3758,1.0,1.476,3.45,True
solvent_class,glycol_ether,row,full,32,ML,182,5.69,2.4627,0.0362,2.3904,1.0,1.555,3.442,True
solvent_class,glycol_ether,row,full,32,Be,182,5.69,2.4627,0.0439,2.3749,1.0,1.484,3.468,True
solvent_class,glycol_ether,row,full,40,ML,182,4.55,2.4627,0.0306,2.4016,1.0,1.522,3.46,True
solvent_class,glycol_ether,row,full,40,Be,182,4.55,2.4627,0.039,2.3848,1.0,1.542,3.482,True
solvent_class,glycol_ether,row,full,48,ML,182,3.79,2.4627,0.0278,2.4072,1.0,1.527,3.432,True
solvent_class,glycol_ether,row,full,48,Be,182,3.79,2.4627,0.0374,2.3879,1.0,1.541,3.455,True
solvent_class,glycol_ether,row,res,3,ML,182,60.67,2.2518,0.5848,1.0822,0.99,0.491,2.53,True
solvent_class,glycol_ether,row,res,3,Be,182,60.67,2.2518,0.5946,1.0627,0.991,0.457,2.522,True
solvent_class,glycol_ether,row,res,4,ML,182,45.5,2.2518,0.2674,1.7171,1.0,0.868,2.663,True
solvent_class,glycol_ether,row,res,4,Be,182,45.5,2.2518,0.2734,1.7051,1.0,0.851,2.629,True
solvent_class,glycol_ether,row,res,5,ML,182,36.4,2.2518,0.241,1.7698,1.0,1.064,2.755,True
solvent_class,glycol_ether,row,res,5,Be,182,36.4,2.2518,0.2478,1.7562,1.0,1.057,2.732,True
solvent_class,glycol_ether,row,res,6,ML,182,30.33,2.2518,0.2176,1.8166,1.0,1.143,2.807,True
solvent_class,glycol_ether,row,res,6,Be,182,30.33,2.2518,0.225,1.8018,1.0,1.16,2.771,True
solvent_class,glycol_ether,row,res,7,ML,182,26.0,2.2518,0.1634,1.9251,1.0,1.221,2.826,True
solvent_class,glycol_ether,row,res,7,Be,182,26.0,2.2518,0.1699,1.912,1.0,1.196,2.845,True
solvent_class,glycol_ether,row,res,8,ML,182,22.75,2.2518,0.103,2.0459,1.0,1.25,2.883,True
solvent_class,glycol_ether,row,res,8,Be,182,22.75,2.2518,0.1077,2.0364,1.0,1.247,2.858,True
solvent_class,glycol_ether,row,res,10,ML,182,18.2,2.2518,0.0986,2.0546,1.0,1.344,2.936,True
solvent_class,glycol_ether,row,res,10,Be,182,18.2,2.2518,0.1043,2.0431,1.0,1.33,2.913,True
solvent_class,glycol_ether,row,res,12,ML,182,15.17,2.2518,0.0587,2.1344,1.0,1.338,2.951,True
solvent_class,glycol_ether,row,res,12,Be,182,15.17,2.2518,0.0628,2.1262,1.0,1.319,2.93,True
solvent_class,glycol_ether,row,res,16,ML,182,11.38,2.2518,0.0477,2.1564,1.0,1.384,2.969,True
solvent_class,glycol_ether,row,res,16,Be,182,11.38,2.2518,0.0523,2.1473,1.0,1.339,2.955,True
solvent_class,glycol_ether,row,res,20,ML,182,9.1,2.2518,0.0372,2.1774,1.0,1.42,3.02,True
solvent_class,glycol_ether,row,res,20,Be,182,9.1,2.2518,0.0418,2.1682,1.0,1.388,2.988,True
solvent_class,glycol_ether,row,res,24,ML,182,7.58,2.2518,0.0348,2.1822,1.0,1.412,3.011,True
solvent_class,glycol_ether,row,res,24,Be,182,7.58,2.2518,0.04,2.1719,1.0,1.382,2.996,True
solvent_class,glycol_ether,row,res,32,ML,182,5.69,2.2518,0.0288,2.1942,1.0,1.449,3.008,True
solvent_class,glycol_ether,row,res,32,Be,182,5.69,2.2518,0.0349,2.1821,1.0,1.415,2.999,True
solvent_class,glycol_ether,row,res,40,ML,182,4.55,2.2518,0.0256,2.2007,1.0,1.45,3.053,True
solvent_class,glycol_ether,row,res,40,Be,182,4.55,2.2518,0.0328,2.1863,1.0,1.436,3.045,True
solvent_class,glycol_ether,row,res,48,ML,182,3.79,2.2518,0.0245,2.2029,1.0,1.455,3.03,True
solvent_class,glycol_ether,row,res,48,Be,182,3.79,2.2518,0.0331,2.1857,1.0,1.458,3.024,True
solvent_class,glycol_ether,pair,full,3,ML,43,14.33,3.2029,0.7054,1.7921,0.997,1.277,3.26,True
solvent_class,glycol_ether,pair,full,3,Be,43,14.33,3.2029,0.7583,1.6862,0.997,1.215,3.178,True
solvent_class,glycol_ether,pair,full,4,ML,43,10.75,3.2029,0.4466,2.3097,1.0,1.623,3.469,True
solvent_class,glycol_ether,pair,full,4,Be,43,10.75,3.2029,0.4915,2.2199,0.999,1.575,3.458,True
solvent_class,glycol_ether,pair,full,5,ML,43,8.6,3.2029,0.3658,2.4713,0.999,1.766,3.63,True
solvent_class,glycol_ether,pair,full,5,Be,43,8.6,3.2029,0.4123,2.3783,0.999,1.702,3.59,True
solvent_class,glycol_ether,pair,full,6,ML,43,7.17,3.2029,0.2448,2.7132,1.0,1.95,3.682,True
solvent_class,glycol_ether,pair,full,6,Be,43,7.17,3.2029,0.2837,2.6355,1.0,1.866,3.66,True
solvent_class,glycol_ether,pair,full,7,ML,43,6.14,3.2029,0.1265,2.9499,1.0,1.986,3.74,True
solvent_class,glycol_ether,pair,full,7,Be,43,6.14,3.2029,0.15,2.9029,1.0,1.88,3.698,True
solvent_class,glycol_ether,pair,full,8,ML,43,5.38,3.2029,0.1092,2.9844,1.0,2.009,3.827,True
solvent_class,glycol_ether,pair,full,8,Be,43,5.38,3.2029,0.1329,2.937,1.0,1.983,3.759,True
solvent_class,glycol_ether,pair,full,10,ML,43,4.3,3.2029,0.1093,2.9843,1.0,2.07,3.884,True
solvent_class,glycol_ether,pair,full,10,Be,43,4.3,3.2029,0.1418,2.9192,1.0,2.029,3.872,True
solvent_class,glycol_ether,pair,full,12,ML,43,3.58,3.2029,0.0995,3.0039,1.0,2.117,3.934,True
solvent_class,glycol_ether,pair,full,12,Be,43,3.58,3.2029,0.1393,2.9242,1.0,2.1,3.882,True
solvent_class,glycol_ether,pair,full,16,ML,43,2.69,3.2029,0.0493,3.1042,1.0,2.194,3.962,True
solvent_class,glycol_ether,pair,full,16,Be,43,2.69,3.2029,0.0756,3.0516,1.0,2.106,3.947,True
solvent_class,glycol_ether,pair,full,20,ML,43,2.15,3.2029,0.0552,3.0925,1.0,2.158,3.946,True
solvent_class,glycol_ether,pair,full,20,Be,43,2.15,3.2029,0.0991,3.0047,1.0,2.146,3.94,True
solvent_class,glycol_ether,pair,full,24,ML,43,1.79,3.2029,,,,,,False
solvent_class,glycol_ether,pair,full,24,Be,43,1.79,3.2029,,,,,,False
solvent_class,glycol_ether,pair,full,32,ML,43,1.34,3.2029,,,,,,False
solvent_class,glycol_ether,pair,full,32,Be,43,1.34,3.2029,,,,,,False
solvent_class,glycol_ether,pair,full,40,ML,43,1.07,3.2029,,,,,,False
solvent_class,glycol_ether,pair,full,40,Be,43,1.07,3.2029,,,,,,False
solvent_class,glycol_ether,pair,full,48,ML,43,0.9,3.2029,,,,,,False
solvent_class,glycol_ether,pair,full,48,Be,43,0.9,3.2029,,,,,,False
solvent_class,glycol_ether,pair,res,3,ML,43,14.33,2.9081,0.6945,1.5191,0.997,1.107,2.823,True
solvent_class,glycol_ether,pair,res,3,Be,43,14.33,2.9081,0.7467,1.4148,0.997,1.009,2.792,True
solvent_class,glycol_ether,pair,res,4,ML,43,10.75,2.9081,0.4753,1.9575,0.999,1.501,3.035,True
solvent_class,glycol_ether,pair,res,4,Be,43,10.75,2.9081,0.5231,1.8619,1.0,1.423,3.004,True
solvent_class,glycol_ether,pair,res,5,ML,43,8.6,2.9081,0.3478,2.2125,1.0,1.682,3.16,True
solvent_class,glycol_ether,pair,res,5,Be,43,8.6,2.9081,0.392,2.1242,1.0,1.561,3.106,True
solvent_class,glycol_ether,pair,res,6,ML,43,7.17,2.9081,0.2145,2.479,1.0,1.757,3.214,True
solvent_class,glycol_ether,pair,res,6,Be,43,7.17,2.9081,0.2487,2.4106,0.999,1.743,3.197,True
solvent_class,glycol_ether,pair,res,7,ML,43,6.14,2.9081,0.1114,2.6853,1.0,1.854,3.254,True
solvent_class,glycol_ether,pair,res,7,Be,43,6.14,2.9081,0.1319,2.6443,1.0,1.8,3.251,True
solvent_class,glycol_ether,pair,res,8,ML,43,5.38,2.9081,0.118,2.6722,1.0,1.918,3.304,True
solvent_class,glycol_ether,pair,res,8,Be,43,5.38,2.9081,0.1438,2.6204,1.0,1.822,3.3,True
solvent_class,glycol_ether,pair,res,10,ML,43,4.3,2.9081,0.104,2.7,1.0,1.98,3.4,True
solvent_class,glycol_ether,pair,res,10,Be,43,4.3,2.9081,0.1349,2.6384,1.0,1.918,3.343,True
solvent_class,glycol_ether,pair,res,12,ML,43,3.58,2.9081,0.0955,2.717,1.0,1.985,3.438,True
solvent_class,glycol_ether,pair,res,12,Be,43,3.58,2.9081,0.1344,2.6393,1.0,1.917,3.383,True
solvent_class,glycol_ether,pair,res,16,ML,43,2.69,2.9081,0.0404,2.8273,1.0,2.047,3.458,True
solvent_class,glycol_ether,pair,res,16,Be,43,2.69,2.9081,0.0612,2.7857,1.0,1.993,3.452,True
solvent_class,glycol_ether,pair,res,20,ML,43,2.15,2.9081,0.0447,2.8187,1.0,2.03,3.477,True
solvent_class,glycol_ether,pair,res,20,Be,43,2.15,2.9081,0.0842,2.7396,1.0,2.067,3.479,True
solvent_class,glycol_ether,pair,res,24,ML,43,1.79,2.9081,,,,,,False
solvent_class,glycol_ether,pair,res,24,Be,43,1.79,2.9081,,,,,,False
solvent_class,glycol_ether,pair,res,32,ML,43,1.34,2.9081,,,,,,False
solvent_class,glycol_ether,pair,res,32,Be,43,1.34,2.9081,,,,,,False
solvent_class,glycol_ether,pair,res,40,ML,43,1.07,2.9081,,,,,,False
solvent_class,glycol_ether,pair,res,40,Be,43,1.07,2.9081,,,,,,False
solvent_class,glycol_ether,pair,res,48,ML,43,0.9,2.9081,,,,,,False
solvent_class,glycol_ether,pair,res,48,Be,43,0.9,2.9081,,,,,,False
solute_family,alkane,row,full,3,ML,129,43.0,2.4913,0.8285,0.8342,0.957,0.053,2.13,True
solute_family,alkane,row,full,3,Be,129,43.0,2.4913,0.8483,0.7947,0.942,-0.057,2.121,True
solute_family,alkane,row,full,4,ML,129,32.25,2.4913,0.629,1.2332,0.994,0.582,2.312,True
solute_family,alkane,row,full,4,Be,129,32.25,2.4913,0.6491,1.193,0.988,0.534,2.278,True
solute_family,alkane,row,full,5,ML,129,25.8,2.4913,0.536,1.4193,0.996,0.899,2.365,True
solute_family,alkane,row,full,5,Be,129,25.8,2.4913,0.5574,1.3764,0.996,0.768,2.365,True
solute_family,alkane,row,full,6,ML,129,21.5,2.4913,0.4581,1.5751,0.997,1.043,2.477,True
solute_family,alkane,row,full,6,Be,129,21.5,2.4913,0.48,1.5313,0.997,0.996,2.483,True
solute_family,alkane,row,full,7,ML,129,18.43,2.4913,0.4149,1.6615,1.0,1.165,2.591,True
solute_family,alkane,row,full,7,Be,129,18.43,2.4913,0.4381,1.615,0.997,1.073,2.542,True
solute_family,alkane,row,full,8,ML,129,16.12,2.4913,0.3631,1.7651,0.999,1.229,2.606,True
solute_family,alkane,row,full,8,Be,129,16.12,2.4913,0.3868,1.7177,0.999,1.125,2.593,True
solute_family,alkane,row,full,10,ML,129,12.9,2.4913,0.2772,1.9369,1.0,1.355,2.722,True
solute_family,alkane,row,full,10,Be,129,12.9,2.4913,0.3003,1.8906,0.999,1.25,2.674,True
solute_family,alkane,row,full,12,ML,129,10.75,2.4913,0.2013,2.0886,0.999,1.409,2.732,True
solute_family,alkane,row,full,12,Be,129,10.75,2.4913,0.2216,2.0481,1.0,1.388,2.727,True
solute_family,alkane,row,full,16,ML,129,8.06,2.4913,0.1543,2.1828,1.0,1.471,2.802,True
solute_family,alkane,row,full,16,Be,129,8.06,2.4913,0.1761,2.139,1.0,1.466,2.793,True
solute_family,alkane,row,full,20,ML,129,6.45,2.4913,0.1311,2.2291,1.0,1.562,2.866,True
solute_family,alkane,row,full,20,Be,129,6.45,2.4913,0.1558,2.1797,1.0,1.523,2.844,True
solute_family,alkane,row,full,24,ML,129,5.38,2.4913,0.1227,2.2459,1.0,1.557,2.905,True
solute_family,alkane,row,full,24,Be,129,5.38,2.4913,0.1498,2.1917,1.0,1.537,2.887,True
solute_family,alkane,row,full,32,ML,129,4.03,2.4913,0.1263,2.2387,1.0,1.615,2.952,True
solute_family,alkane,row,full,32,Be,129,4.03,2.4913,0.1682,2.1548,1.0,1.611,2.886,True
solute_family,alkane,row,full,40,ML,129,3.23,2.4913,0.0892,2.3129,1.0,1.663,2.933,True
solute_family,alkane,row,full,40,Be,129,3.23,2.4913,0.1298,2.2317,1.0,1.661,2.964,True
solute_family,alkane,row,full,48,ML,129,2.69,2.4913,0.0946,2.3021,1.0,1.659,2.974,True
solute_family,alkane,row,full,48,Be,129,2.69,2.4913,0.1473,2.1967,1.0,1.672,2.927,True
solute_family,alkane,row,res,3,ML,129,43.0,2.3148,0.8285,0.6577,0.887,-0.335,1.908,True
solute_family,alkane,row,res,3,Be,129,43.0,2.3148,0.8483,0.6183,0.846,-0.494,1.898,True
solute_family,alkane,row,res,4,ML,129,32.25,2.3148,0.6871,0.9406,0.976,0.245,2.072,True
solute_family,alkane,row,res,4,Be,129,32.25,2.3148,0.7091,0.8967,0.964,0.11,2.036,True
solute_family,alkane,row,res,5,ML,129,25.8,2.3148,0.6117,1.0914,0.988,0.498,2.165,True
solute_family,alkane,row,res,5,Be,129,25.8,2.3148,0.6362,1.0424,0.985,0.397,2.139,True
solute_family,alkane,row,res,6,ML,129,21.5,2.3148,0.5509,1.213,0.996,0.751,2.234,True
solute_family,alkane,row,res,6,Be,129,21.5,2.3148,0.5773,1.1602,0.991,0.596,2.229,True
solute_family,alkane,row,res,7,ML,129,18.43,2.3148,0.4735,1.3678,0.996,0.811,2.273,True
solute_family,alkane,row,res,7,Be,129,18.43,2.3148,0.5001,1.3146,0.996,0.685,2.294,True
solute_family,alkane,row,res,8,ML,129,16.12,2.3148,0.4386,1.4376,0.998,0.912,2.332,True
solute_family,alkane,row,res,8,Be,129,16.12,2.3148,0.4673,1.3802,0.995,0.813,2.348,True
solute_family,alkane,row,res,10,ML,129,12.9,2.3148,0.3504,1.6141,0.999,0.997,2.394,True
solute_family,alkane,row,res,10,Be,129,12.9,2.3148,0.3796,1.5556,0.996,0.965,2.397,True
solute_family,alkane,row,res,12,ML,129,10.75,2.3148,0.3307,1.6535,0.999,1.103,2.468,True
solute_family,alkane,row,res,12,Be,129,10.75,2.3148,0.364,1.5869,0.998,1.044,2.438,True
solute_family,alkane,row,res,16,ML,129,8.06,2.3148,0.1997,1.9155,0.999,1.207,2.523,True
solute_family,alkane,row,res,16,Be,129,8.06,2.3148,0.228,1.8588,0.999,1.169,2.488,True
solute_family,alkane,row,res,20,ML,129,6.45,2.3148,0.1736,1.9676,1.0,1.318,2.566,True
solute_family,alkane,row,res,20,Be,129,6.45,2.3148,0.2064,1.9021,1.0,1.271,2.553,True
solute_family,alkane,row,res,24,ML,129,5.38,2.3148,0.1988,1.9173,1.0,1.389,2.605,True
solute_family,alkane,row,res,24,Be,129,5.38,2.3148,0.2457,1.8234,1.0,1.32,2.584,True
solute_family,alkane,row,res,32,ML,129,4.03,2.3148,0.1557,2.0034,1.0,1.464,2.636,True
solute_family,alkane,row,res,32,Be,129,4.03,2.3148,0.2075,1.8999,1.0,1.401,2.62,True
solute_family,alkane,row,res,40,ML,129,3.23,2.3148,0.1455,2.0238,1.0,1.503,2.665,True
solute_family,alkane,row,res,40,Be,129,3.23,2.3148,0.2126,1.8897,1.0,1.41,2.673,True
solute_family,alkane,row,res,48,ML,129,2.69,2.3148,0.1153,2.0843,1.0,1.537,2.696,True
solute_family,alkane,row,res,48,Be,129,2.69,2.3148,0.1867,1.9414,1.0,1.489,2.65,True
solute_family,alkane,pair,full,3,ML,45,15.0,2.1276,0.8505,0.4265,0.75,-0.88,1.912,True
solute_family,alkane,pair,full,3,Be,45,15.0,2.1276,0.9113,0.305,0.676,-1.122,1.823,True
solute_family,alkane,pair,full,4,ML,45,11.25,2.1276,0.6703,0.7871,0.909,-0.236,2.219,True
solute_family,alkane,pair,full,4,Be,45,11.25,2.1276,0.7347,0.6583,0.854,-0.48,2.125,True
solute_family,alkane,pair,full,5,ML,45,9.0,2.1276,0.6422,0.8432,0.959,0.063,2.415,True
solute_family,alkane,pair,full,5,Be,45,9.0,2.1276,0.7225,0.6826,0.936,-0.107,2.365,True
solute_family,alkane,pair,full,6,ML,45,7.5,2.1276,0.4924,1.1428,0.977,0.286,2.546,True
solute_family,alkane,pair,full,6,Be,45,7.5,2.1276,0.5657,0.9962,0.961,0.069,2.482,True
solute_family,alkane,pair,full,7,ML,45,6.43,2.1276,0.4451,1.2375,0.983,0.413,2.661,True
solute_family,alkane,pair,full,7,Be,45,6.43,2.1276,0.5246,1.0784,0.973,0.197,2.583,True
solute_family,alkane,pair,full,8,ML,45,5.62,2.1276,0.4493,1.2291,0.991,0.454,2.711,True
solute_family,alkane,pair,full,8,Be,45,5.62,2.1276,0.5422,1.0431,0.981,0.347,2.61,True
solute_family,alkane,pair,full,10,ML,45,4.5,2.1276,0.2848,1.558,0.996,0.666,2.804,True
solute_family,alkane,pair,full,10,Be,45,4.5,2.1276,0.3673,1.3929,0.995,0.606,2.768,True
solute_family,alkane,pair,full,12,ML,45,3.75,2.1276,0.2458,1.636,0.998,0.799,2.895,True
solute_family,alkane,pair,full,12,Be,45,3.75,2.1276,0.3315,1.4645,0.997,0.699,2.781,True
solute_family,alkane,pair,full,16,ML,45,2.81,2.1276,0.251,1.6255,1.0,0.914,2.973,True
solute_family,alkane,pair,full,16,Be,45,2.81,2.1276,0.387,1.3536,1.0,0.819,2.873,True
solute_family,alkane,pair,full,20,ML,45,2.25,2.1276,0.161,1.8055,0.999,0.969,2.986,True
solute_family,alkane,pair,full,20,Be,45,2.25,2.1276,0.2879,1.5518,0.999,0.887,2.971,True
solute_family,alkane,pair,full,24,ML,45,1.88,2.1276,,,,,,False
solute_family,alkane,pair,full,24,Be,45,1.88,2.1276,,,,,,False
solute_family,alkane,pair,full,32,ML,45,1.41,2.1276,,,,,,False
solute_family,alkane,pair,full,32,Be,45,1.41,2.1276,,,,,,False
solute_family,alkane,pair,full,40,ML,45,1.12,2.1276,,,,,,False
solute_family,alkane,pair,full,40,Be,45,1.12,2.1276,,,,,,False
solute_family,alkane,pair,full,48,ML,45,0.94,2.1276,,,,,,False
solute_family,alkane,pair,full,48,Be,45,0.94,2.1276,,,,,,False
solute_family,alkane,pair,res,3,ML,45,15.0,1.8747,1.1233,-0.3718,0.583,-1.161,1.646,True
solute_family,alkane,pair,res,3,Be,45,15.0,1.8747,1.2035,-0.5323,0.508,-1.491,1.585,True
solute_family,alkane,pair,res,4,ML,45,11.25,1.8747,0.7125,0.4497,0.779,-0.681,1.887,True
solute_family,alkane,pair,res,4,Be,45,11.25,1.8747,0.7809,0.313,0.725,-0.893,1.886,True
solute_family,alkane,pair,res,5,ML,45,9.0,1.8747,0.6572,0.5603,0.883,-0.331,2.08,True
solute_family,alkane,pair,res,5,Be,45,9.0,1.8747,0.7393,0.396,0.835,-0.469,2.06,True
solute_family,alkane,pair,res,6,ML,45,7.5,1.8747,0.662,0.5508,0.936,-0.048,2.25,True
solute_family,alkane,pair,res,6,Be,45,7.5,1.8747,0.7629,0.3488,0.873,-0.377,2.165,True
solute_family,alkane,pair,res,7,ML,45,6.43,1.8747,0.5602,0.7543,0.945,-0.033,2.306,True
solute_family,alkane,pair,res,7,Be,45,6.43,1.8747,0.6625,0.5497,0.915,-0.187,2.252,True
solute_family,alkane,pair,res,8,ML,45,5.62,1.8747,0.4831,0.9086,0.974,0.135,2.375,True
solute_family,alkane,pair,res,8,Be,45,5.62,1.8747,0.583,0.7088,0.928,-0.138,2.381,True
solute_family,alkane,pair,res,10,ML,45,4.5,1.8747,0.5268,0.8212,0.982,0.234,2.454,True
solute_family,alkane,pair,res,10,Be,45,4.5,1.8747,0.6713,0.5321,0.957,0.046,2.421,True
solute_family,alkane,pair,res,12,ML,45,3.75,1.8747,0.5125,0.8497,0.995,0.434,2.535,True
solute_family,alkane,pair,res,12,Be,45,3.75,1.8747,0.6892,0.4964,0.981,0.251,2.473,True
solute_family,alkane,pair,res,16,ML,45,2.81,1.8747,0.3078,1.2591,0.998,0.574,2.662,True
solute_family,alkane,pair,res,16,Be,45,2.81,1.8747,0.4758,0.9231,0.992,0.441,2.581,True
solute_family,alkane,pair,res,20,ML,45,2.25,1.8747,0.1884,1.498,0.999,0.719,2.72,True
solute_family,alkane,pair,res,20,Be,45,2.25,1.8747,0.3419,1.1909,0.998,0.588,2.66,True
solute_family,alkane,pair,res,24,ML,45,1.88,1.8747,,,,,,False
solute_family,alkane,pair,res,24,Be,45,1.88,1.8747,,,,,,False
solute_family,alkane,pair,res,32,ML,45,1.41,1.8747,,,,,,False
solute_family,alkane,pair,res,32,Be,45,1.41,1.8747,,,,,,False
solute_family,alkane,pair,res,40,ML,45,1.12,1.8747,,,,,,False
solute_family,alkane,pair,res,40,Be,45,1.12,1.8747,,,,,,False
solute_family,alkane,pair,res,48,ML,45,0.94,1.8747,,,,,,False
solute_family,alkane,pair,res,48,Be,45,0.94,1.8747,,,,,,False
solvent_class,aprotic_acceptor,row,full,3,ML,57,19.0,0.1093,0.3013,-0.4933,0.054,-0.929,0.009,True
solvent_class,aprotic_acceptor,row,full,3,Be,57,19.0,0.1093,0.3181,-0.5268,0.06,-0.994,0.017,True
solvent_class,aprotic_acceptor,row,full,4,ML,57,14.25,0.1093,0.234,-0.3587,0.114,-0.706,0.075,True
solvent_class,aprotic_acceptor,row,full,4,Be,57,14.25,0.1093,0.251,-0.3926,0.09,-0.787,0.059,True
solvent_class,aprotic_acceptor,row,full,5,ML,57,11.4,0.1093,0.1924,-0.2754,0.166,-0.542,0.132,True
solvent_class,aprotic_acceptor,row,full,5,Be,57,11.4,0.1093,0.21,-0.3107,0.149,-0.627,0.105,True
solvent_class,aprotic_acceptor,row,full,6,ML,57,9.5,0.1093,0.1497,-0.1901,0.23,-0.461,0.153,True
solvent_class,aprotic_acceptor,row,full,6,Be,57,9.5,0.1093,0.1666,-0.2238,0.198,-0.511,0.139,True
solvent_class,aprotic_acceptor,row,full,7,ML,57,8.14,0.1093,0.1343,-0.1593,0.287,-0.392,0.187,True
solvent_class,aprotic_acceptor,row,full,7,Be,57,8.14,0.1093,0.152,-0.1947,0.248,-0.439,0.181,True
solvent_class,aprotic_acceptor,row,full,8,ML,57,7.12,0.1093,0.1133,-0.1172,0.337,-0.337,0.206,True
solvent_class,aprotic_acceptor,row,full,8,Be,57,7.12,0.1093,0.1305,-0.1518,0.294,-0.406,0.198,True
solvent_class,aprotic_acceptor,row,full,10,ML,57,5.7,0.1093,0.1168,-0.1244,0.449,-0.253,0.253,True
solvent_class,aprotic_acceptor,row,full,10,Be,57,5.7,0.1093,0.1403,-0.1713,0.369,-0.304,0.225,True
solvent_class,aprotic_acceptor,row,full,12,ML,57,4.75,0.1093,0.1013,-0.0934,0.526,-0.203,0.269,True
solvent_class,aprotic_acceptor,row,full,12,Be,57,4.75,0.1093,0.1269,-0.1445,0.443,-0.267,0.248,True
solvent_class,aprotic_acceptor,row,full,16,ML,57,3.56,0.1093,0.0815,-0.0538,0.671,-0.133,0.283,True
solvent_class,aprotic_acceptor,row,full,16,Be,57,3.56,0.1093,0.1104,-0.1115,0.575,-0.185,0.277,True
solvent_class,aprotic_acceptor,row,full,20,ML,57,2.85,0.1093,0.0804,-0.0516,0.76,-0.084,0.309,True
solvent_class,aprotic_acceptor,row,full,20,Be,57,2.85,0.1093,0.1208,-0.1323,0.663,-0.127,0.273,True
solvent_class,aprotic_acceptor,row,full,24,ML,57,2.38,0.1093,0.0677,-0.0261,0.842,-0.053,0.318,True
solvent_class,aprotic_acceptor,row,full,24,Be,57,2.38,0.1093,0.1055,-0.1018,0.743,-0.104,0.3,True
solvent_class,aprotic_acceptor,row,full,32,ML,57,1.78,0.1093,,,,,,False
solvent_class,aprotic_acceptor,row,full,32,Be,57,1.78,0.1093,,,,,,False
solvent_class,aprotic_acceptor,row,full,40,ML,57,1.43,0.1093,,,,,,False
solvent_class,aprotic_acceptor,row,full,40,Be,57,1.43,0.1093,,,,,,False
solvent_class,aprotic_acceptor,row,full,48,ML,57,1.19,0.1093,,,,,,False
solvent_class,aprotic_acceptor,row,full,48,Be,57,1.19,0.1093,,,,,,False
solvent_class,aprotic_acceptor,row,res,3,ML,57,19.0,0.0891,0.3013,-0.5135,0.03,-0.931,-0.037,True
solvent_class,aprotic_acceptor,row,res,3,Be,57,19.0,0.0891,0.3181,-0.547,0.03,-0.998,-0.04,True
solvent_class,aprotic_acceptor,row,res,4,ML,57,14.25,0.0891,0.2488,-0.4086,0.059,-0.712,0.011,True
solvent_class,aprotic_acceptor,row,res,4,Be,57,14.25,0.0891,0.2669,-0.4447,0.043,-0.805,-0.009,True
solvent_class,aprotic_acceptor,row,res,5,ML,57,11.4,0.0891,0.1974,-0.3056,0.102,-0.541,0.043,True
solvent_class,aprotic_acceptor,row,res,5,Be,57,11.4,0.0891,0.2155,-0.3419,0.079,-0.636,0.038,True
solvent_class,aprotic_acceptor,row,res,6,ML,57,9.5,0.0891,0.1642,-0.2392,0.14,-0.458,0.073,True
solvent_class,aprotic_acceptor,row,res,6,Be,57,9.5,0.0891,0.1827,-0.2762,0.114,-0.515,0.077,True
solvent_class,aprotic_acceptor,row,res,7,ML,57,8.14,0.0891,0.1438,-0.1985,0.185,-0.397,0.107,True
solvent_class,aprotic_acceptor,row,res,7,Be,57,8.14,0.0891,0.1628,-0.2364,0.149,-0.466,0.098,True
solvent_class,aprotic_acceptor,row,res,8,ML,57,7.12,0.0891,0.1217,-0.1543,0.224,-0.351,0.116,True
solvent_class,aprotic_acceptor,row,res,8,Be,57,7.12,0.0891,0.1404,-0.1917,0.188,-0.426,0.11,True
solvent_class,aprotic_acceptor,row,res,10,ML,57,5.7,0.0891,0.1196,-0.1501,0.312,-0.264,0.17,True
solvent_class,aprotic_acceptor,row,res,10,Be,57,5.7,0.0891,0.1437,-0.1983,0.259,-0.319,0.143,True
solvent_class,aprotic_acceptor,row,res,12,ML,57,4.75,0.0891,0.1108,-0.1324,0.427,-0.193,0.19,True
solvent_class,aprotic_acceptor,row,res,12,Be,57,4.75,0.0891,0.1386,-0.188,0.34,-0.26,0.167,True
solvent_class,aprotic_acceptor,row,res,16,ML,57,3.56,0.0891,0.0921,-0.0951,0.536,-0.136,0.21,True
solvent_class,aprotic_acceptor,row,res,16,Be,57,3.56,0.0891,0.1244,-0.1597,0.465,-0.199,0.215,True
solvent_class,aprotic_acceptor,row,res,20,ML,57,2.85,0.0891,0.0871,-0.085,0.666,-0.089,0.219,True
solvent_class,aprotic_acceptor,row,res,20,Be,57,2.85,0.0891,0.1309,-0.1726,0.578,-0.142,0.23,True
solvent_class,aprotic_acceptor,row,res,24,ML,57,2.38,0.0891,0.0756,-0.0621,0.761,-0.062,0.236,True
solvent_class,aprotic_acceptor,row,res,24,Be,57,2.38,0.0891,0.1172,-0.1453,0.663,-0.115,0.236,True
solvent_class,aprotic_acceptor,row,res,32,ML,57,1.78,0.0891,,,,,,False
solvent_class,aprotic_acceptor,row,res,32,Be,57,1.78,0.0891,,,,,,False
solvent_class,aprotic_acceptor,row,res,40,ML,57,1.43,0.0891,,,,,,False
solvent_class,aprotic_acceptor,row,res,40,Be,57,1.43,0.0891,,,,,,False
solvent_class,aprotic_acceptor,row,res,48,ML,57,1.19,0.0891,,,,,,False
solvent_class,aprotic_acceptor,row,res,48,Be,57,1.19,0.0891,,,,,,False
solvent_class,aprotic_acceptor,pair,full,3,ML,57,19.0,0.1093,0.3013,-0.4933,0.055,-0.929,0.009,True
solvent_class,aprotic_acceptor,pair,full,3,Be,57,19.0,0.1093,0.3181,-0.5268,0.051,-1.021,0.0,True
solvent_class,aprotic_acceptor,pair,full,4,ML,57,14.25,0.1093,0.234,-0.3587,0.122,-0.69,0.092,True
solvent_class,aprotic_acceptor,pair,full,4,Be,57,14.25,0.1093,0.251,-0.3926,0.092,-0.738,0.061,True
solvent_class,aprotic_acceptor,pair,full,5,ML,57,11.4,0.1093,0.1924,-0.2754,0.174,-0.517,0.128,True
solvent_class,aprotic_acceptor,pair,full,5,Be,57,11.4,0.1093,0.21,-0.3107,0.143,-0.618,0.116,True
solvent_class,aprotic_acceptor,pair,full,6,ML,57,9.5,0.1093,0.1497,-0.1901,0.232,-0.437,0.172,True
solvent_class,aprotic_acceptor,pair,full,6,Be,57,9.5,0.1093,0.1666,-0.2238,0.193,-0.53,0.164,True
solvent_class,aprotic_acceptor,pair,full,7,ML,57,8.14,0.1093,0.1343,-0.1593,0.304,-0.387,0.205,True
solvent_class,aprotic_acceptor,pair,full,7,Be,57,8.14,0.1093,0.152,-0.1947,0.23,-0.462,0.161,True
solvent_class,aprotic_acceptor,pair,full,8,ML,57,7.12,0.1093,0.1133,-0.1172,0.349,-0.361,0.227,True
solvent_class,aprotic_acceptor,pair,full,8,Be,57,7.12,0.1093,0.1305,-0.1518,0.298,-0.426,0.226,True
solvent_class,aprotic_acceptor,pair,full,10,ML,57,5.7,0.1093,0.1168,-0.1244,0.442,-0.23,0.252,True
solvent_class,aprotic_acceptor,pair,full,10,Be,57,5.7,0.1093,0.1403,-0.1713,0.388,-0.317,0.252,True
solvent_class,aprotic_acceptor,pair,full,12,ML,57,4.75,0.1093,0.1013,-0.0934,0.53,-0.196,0.259,True
solvent_class,aprotic_acceptor,pair,full,12,Be,57,4.75,0.1093,0.1269,-0.1445,0.423,-0.282,0.249,True
solvent_class,aprotic_acceptor,pair,full,16,ML,57,3.56,0.1093,0.0815,-0.0538,0.661,-0.128,0.288,True
solvent_class,aprotic_acceptor,pair,full,16,Be,57,3.56,0.1093,0.1104,-0.1115,0.585,-0.184,0.315,True
solvent_class,aprotic_acceptor,pair,full,20,ML,57,2.85,0.1093,0.0804,-0.0516,0.765,-0.085,0.32,True
solvent_class,aprotic_acceptor,pair,full,20,Be,57,2.85,0.1093,0.1208,-0.1323,0.681,-0.129,0.312,True
solvent_class,aprotic_acceptor,pair,full,24,ML,57,2.38,0.1093,0.0677,-0.0261,0.839,-0.052,0.304,True
solvent_class,aprotic_acceptor,pair,full,24,Be,57,2.38,0.1093,0.1055,-0.1018,0.745,-0.101,0.3,True
solvent_class,aprotic_acceptor,pair,full,32,ML,57,1.78,0.1093,,,,,,False
solvent_class,aprotic_acceptor,pair,full,32,Be,57,1.78,0.1093,,,,,,False
solvent_class,aprotic_acceptor,pair,full,40,ML,57,1.43,0.1093,,,,,,False
solvent_class,aprotic_acceptor,pair,full,40,Be,57,1.43,0.1093,,,,,,False
solvent_class,aprotic_acceptor,pair,full,48,ML,57,1.19,0.1093,,,,,,False
solvent_class,aprotic_acceptor,pair,full,48,Be,57,1.19,0.1093,,,,,,False
solvent_class,aprotic_acceptor,pair,res,3,ML,57,19.0,0.0891,0.3013,-0.5135,0.031,-0.933,-0.035,True
solvent_class,aprotic_acceptor,pair,res,3,Be,57,19.0,0.0891,0.3181,-0.547,0.026,-1.023,-0.045,True
solvent_class,aprotic_acceptor,pair,res,4,ML,57,14.25,0.0891,0.2488,-0.4086,0.055,-0.726,0.006,True
solvent_class,aprotic_acceptor,pair,res,4,Be,57,14.25,0.0891,0.2669,-0.4447,0.045,-0.781,-0.005,True
solvent_class,aprotic_acceptor,pair,res,5,ML,57,11.4,0.0891,0.1974,-0.3056,0.099,-0.546,0.047,True
solvent_class,aprotic_acceptor,pair,res,5,Be,57,11.4,0.0891,0.2155,-0.3419,0.078,-0.604,0.03,True
solvent_class,aprotic_acceptor,pair,res,6,ML,57,9.5,0.0891,0.1642,-0.2392,0.157,-0.463,0.103,True
solvent_class,aprotic_acceptor,pair,res,6,Be,57,9.5,0.0891,0.1827,-0.2762,0.112,-0.549,0.059,True
solvent_class,aprotic_acceptor,pair,res,7,ML,57,8.14,0.0891,0.1438,-0.1985,0.191,-0.397,0.102,True
solvent_class,aprotic_acceptor,pair,res,7,Be,57,8.14,0.0891,0.1628,-0.2364,0.148,-0.462,0.092,True
solvent_class,aprotic_acceptor,pair,res,8,ML,57,7.12,0.0891,0.1217,-0.1543,0.236,-0.347,0.139,True
solvent_class,aprotic_acceptor,pair,res,8,Be,57,7.12,0.0891,0.1404,-0.1917,0.201,-0.412,0.124,True
solvent_class,aprotic_acceptor,pair,res,10,ML,57,5.7,0.0891,0.1196,-0.1501,0.327,-0.254,0.15,True
solvent_class,aprotic_acceptor,pair,res,10,Be,57,5.7,0.0891,0.1437,-0.1983,0.263,-0.327,0.157,True
solvent_class,aprotic_acceptor,pair,res,12,ML,57,4.75,0.0891,0.1108,-0.1324,0.399,-0.202,0.196,True
solvent_class,aprotic_acceptor,pair,res,12,Be,57,4.75,0.0891,0.1386,-0.188,0.342,-0.255,0.18,True
solvent_class,aprotic_acceptor,pair,res,16,ML,57,3.56,0.0891,0.0921,-0.0951,0.558,-0.131,0.209,True
solvent_class,aprotic_acceptor,pair,res,16,Be,57,3.56,0.0891,0.1244,-0.1597,0.452,-0.192,0.217,True
solvent_class,aprotic_acceptor,pair,res,20,ML,57,2.85,0.0891,0.0871,-0.085,0.669,-0.086,0.221,True
solvent_class,aprotic_acceptor,pair,res,20,Be,57,2.85,0.0891,0.1309,-0.1726,0.566,-0.147,0.218,True
solvent_class,aprotic_acceptor,pair,res,24,ML,57,2.38,0.0891,0.0756,-0.0621,0.762,-0.066,0.229,True
solvent_class,aprotic_acceptor,pair,res,24,Be,57,2.38,0.0891,0.1172,-0.1453,0.646,-0.11,0.209,True
solvent_class,aprotic_acceptor,pair,res,32,ML,57,1.78,0.0891,,,,,,False
solvent_class,aprotic_acceptor,pair,res,32,Be,57,1.78,0.0891,,,,,,False
solvent_class,aprotic_acceptor,pair,res,40,ML,57,1.43,0.0891,,,,,,False
solvent_class,aprotic_acceptor,pair,res,40,Be,57,1.43,0.0891,,,,,,False
solvent_class,aprotic_acceptor,pair,res,48,ML,57,1.19,0.0891,,,,,,False
solvent_class,aprotic_acceptor,pair,res,48,Be,57,1.19,0.0891,,,,,,False
solvent_class,water,row,full,3,ML,111,37.0,0.914,0.3937,0.1267,0.759,-0.437,0.75,True
solvent_class,water,row,full,3,Be,111,37.0,0.914,0.4046,0.1048,0.741,-0.437,0.741,True
solvent_class,water,row,full,4,ML,111,27.75,0.914,0.2367,0.4406,0.911,-0.14,0.84,True
solvent_class,water,row,full,4,Be,111,27.75,0.914,0.2455,0.423,0.902,-0.146,0.833,True
solvent_class,water,row,full,5,ML,111,22.2,0.914,0.2089,0.4961,0.965,0.052,0.892,True
solvent_class,water,row,full,5,Be,111,22.2,0.914,0.2188,0.4763,0.947,-0.01,0.891,True
solvent_class,water,row,full,6,ML,111,18.5,0.914,0.159,0.5959,0.987,0.163,0.922,True
solvent_class,water,row,full,6,Be,111,18.5,0.914,0.168,0.578,0.983,0.11,0.911,True
solvent_class,water,row,full,7,ML,111,15.86,0.914,0.167,0.58,0.996,0.244,0.959,True
solvent_class,water,row,full,7,Be,111,15.86,0.914,0.1783,0.5574,0.995,0.205,0.938,True
solvent_class,water,row,full,8,ML,111,13.88,0.914,0.1617,0.5905,0.999,0.292,0.988,True
solvent_class,water,row,full,8,Be,111,13.88,0.914,0.1742,0.5655,0.997,0.256,0.969,True
solvent_class,water,row,full,10,ML,111,11.1,0.914,0.1323,0.6494,1.0,0.396,1.005,True
solvent_class,water,row,full,10,Be,111,11.1,0.914,0.1455,0.623,1.0,0.342,0.983,True
solvent_class,water,row,full,12,ML,111,9.25,0.914,0.1211,0.6718,1.0,0.442,1.044,True
solvent_class,water,row,full,12,Be,111,9.25,0.914,0.135,0.644,1.0,0.416,1.016,True
solvent_class,water,row,full,16,ML,111,6.94,0.914,0.0968,0.7203,1.0,0.508,1.054,True
solvent_class,water,row,full,16,Be,111,6.94,0.914,0.1131,0.6878,1.0,0.461,1.038,True
solvent_class,water,row,full,20,ML,111,5.55,0.914,0.0732,0.7675,1.0,0.532,1.073,True
solvent_class,water,row,full,20,Be,111,5.55,0.914,0.0884,0.7371,1.0,0.503,1.068,True
solvent_class,water,row,full,24,ML,111,4.62,0.914,0.0577,0.7986,1.0,0.595,1.096,True
solvent_class,water,row,full,24,Be,111,4.62,0.914,0.073,0.7679,1.0,0.567,1.082,True
solvent_class,water,row,full,32,ML,111,3.47,0.914,0.0262,0.8615,1.0,0.625,1.121,True
solvent_class,water,row,full,32,Be,111,3.47,0.914,0.0376,0.8389,1.0,0.591,1.104,True
solvent_class,water,row,full,40,ML,111,2.77,0.914,0.0406,0.8328,1.0,0.633,1.114,True
solvent_class,water,row,full,40,Be,111,2.77,0.914,0.0621,0.7898,1.0,0.605,1.11,True
solvent_class,water,row,full,48,ML,111,2.31,0.914,0.0305,0.853,1.0,0.651,1.134,True
solvent_class,water,row,full,48,Be,111,2.31,0.914,0.0586,0.7968,1.0,0.621,1.12,True
solvent_class,water,row,res,3,ML,111,37.0,0.4765,0.3688,-0.261,0.191,-0.92,0.206,True
solvent_class,water,row,res,3,Be,111,37.0,0.4765,0.379,-0.2815,0.189,-0.961,0.2,True
solvent_class,water,row,res,4,ML,111,27.75,0.4765,0.3674,-0.2583,0.333,-0.623,0.28,True
solvent_class,water,row,res,4,Be,111,27.75,0.4765,0.3812,-0.2859,0.311,-0.623,0.272,True
solvent_class,water,row,res,5,ML,111,22.2,0.4765,0.222,0.0326,0.488,-0.403,0.315,True
solvent_class,water,row,res,5,Be,111,22.2,0.4765,0.2325,0.0115,0.448,-0.438,0.305,True
solvent_class,water,row,res,6,ML,111,18.5,0.4765,0.2343,0.008,0.615,-0.278,0.343,True
solvent_class,water,row,res,6,Be,111,18.5,0.4765,0.2476,-0.0187,0.567,-0.303,0.344,True
solvent_class,water,row,res,7,ML,111,15.86,0.4765,0.2432,-0.0099,0.736,-0.17,0.375,True
solvent_class,water,row,res,7,Be,111,15.86,0.4765,0.2597,-0.0429,0.672,-0.214,0.377,True
solvent_class,water,row,res,8,ML,111,13.88,0.4765,0.1994,0.0777,0.85,-0.089,0.402,True
solvent_class,water,row,res,8,Be,111,13.88,0.4765,0.215,0.0464,0.745,-0.16,0.388,True
solvent_class,water,row,res,10,ML,111,11.1,0.4765,0.1636,0.1492,0.948,-0.003,0.422,True
solvent_class,water,row,res,10,Be,111,11.1,0.4765,0.18,0.1166,0.886,-0.061,0.41,True
solvent_class,water,row,res,12,ML,111,9.25,0.4765,0.1658,0.145,0.989,0.068,0.446,True
solvent_class,water,row,res,12,Be,111,9.25,0.4765,0.1853,0.106,0.961,0.013,0.431,True
solvent_class,water,row,res,16,ML,111,6.94,0.4765,0.1334,0.2097,0.999,0.128,0.475,True
solvent_class,water,row,res,16,Be,111,6.94,0.4765,0.156,0.1646,0.994,0.091,0.454,True
solvent_class,water,row,res,20,ML,111,5.55,0.4765,0.1099,0.2567,1.0,0.172,0.491,True
solvent_class,water,row,res,20,Be,111,5.55,0.4765,0.1326,0.2113,0.998,0.133,0.469,True
solvent_class,water,row,res,24,ML,111,4.62,0.4765,0.0974,0.2816,1.0,0.219,0.533,True
solvent_class,water,row,res,24,Be,111,4.62,0.4765,0.1242,0.228,1.0,0.185,0.507,True
solvent_class,water,row,res,32,ML,111,3.47,0.4765,0.0785,0.3195,1.0,0.252,0.559,True
solvent_class,water,row,res,32,Be,111,3.47,0.4765,0.1112,0.2542,1.0,0.215,0.544,True
solvent_class,water,row,res,40,ML,111,2.77,0.4765,0.0544,0.3676,1.0,0.272,0.576,True
solvent_class,water,row,res,40,Be,111,2.77,0.4765,0.0824,0.3117,1.0,0.232,0.546,True
solvent_class,water,row,res,48,ML,111,2.31,0.4765,0.0569,0.3627,1.0,0.283,0.587,True
solvent_class,water,row,res,48,Be,111,2.31,0.4765,0.104,0.2686,1.0,0.249,0.566,True
solvent_class,water,pair,full,3,ML,15,5.0,0.7905,0.4625,-0.1346,0.574,-0.62,0.739,True
solvent_class,water,pair,full,3,Be,15,5.0,0.7905,0.5781,-0.3658,0.417,-1.01,0.678,True
solvent_class,water,pair,full,4,ML,15,3.75,0.7905,0.3426,0.1053,0.83,-0.272,0.835,True
solvent_class,water,pair,full,4,Be,15,3.75,0.7905,0.4603,-0.1302,0.653,-0.574,0.798,True
solvent_class,water,pair,full,5,ML,15,3.0,0.7905,0.2368,0.3168,0.946,-0.028,0.915,True
solvent_class,water,pair,full,5,Be,15,3.0,0.7905,0.3552,0.08,0.821,-0.366,0.851,True
solvent_class,water,pair,full,6,ML,15,2.5,0.7905,0.1751,0.4402,0.971,0.084,0.929,True
solvent_class,water,pair,full,6,Be,15,2.5,0.7905,0.2698,0.2509,0.862,-0.287,0.921,True
solvent_class,water,pair,full,7,ML,15,2.14,0.7905,0.1718,0.4468,0.991,0.297,0.984,True
solvent_class,water,pair,full,7,Be,15,2.14,0.7905,0.3426,0.1053,0.949,-0.003,0.968,True
solvent_class,water,pair,full,8,ML,15,1.88,0.7905,,,,,,False
solvent_class,water,pair,full,8,Be,15,1.88,0.7905,,,,,,False
solvent_class,water,pair,full,10,ML,15,1.5,0.7905,,,,,,False
solvent_class,water,pair,full,10,Be,15,1.5,0.7905,,,,,,False
solvent_class,water,pair,full,12,ML,15,1.25,0.7905,,,,,,False
solvent_class,water,pair,full,12,Be,15,1.25,0.7905,,,,,,False
solvent_class,water,pair,full,16,ML,15,0.94,0.7905,,,,,,False
solvent_class,water,pair,full,16,Be,15,0.94,0.7905,,,,,,False
solvent_class,water,pair,full,20,ML,15,0.75,0.7905,,,,,,False
solvent_class,water,pair,full,20,Be,15,0.75,0.7905,,,,,,False
solvent_class,water,pair,full,24,ML,15,0.62,0.7905,,,,,,False
solvent_class,water,pair,full,24,Be,15,0.62,0.7905,,,,,,False
solvent_class,water,pair,full,32,ML,15,0.47,0.7905,,,,,,False
solvent_class,water,pair,full,32,Be,15,0.47,0.7905,,,,,,False
solvent_class,water,pair,full,40,ML,15,0.38,0.7905,,,,,,False
solvent_class,water,pair,full,40,Be,15,0.38,0.7905,,,,,,False
solvent_class,water,pair,full,48,ML,15,0.31,0.7905,,,,,,False
solvent_class,water,pair,full,48,Be,15,0.31,0.7905,,,,,,False
solvent_class,water,pair,res,3,ML,15,5.0,0.5234,0.4355,-0.3477,0.342,-0.843,0.391,True
solvent_class,water,pair,res,3,Be,15,5.0,0.5234,0.5444,-0.5655,0.266,-1.206,0.343,True
solvent_class,water,pair,res,4,ML,15,3.75,0.5234,0.3574,-0.1914,0.604,-0.396,0.467,True
solvent_class,water,pair,res,4,Be,15,3.75,0.5234,0.493,-0.4627,0.415,-0.73,0.429,True
solvent_class,water,pair,res,5,ML,15,3.0,0.5234,0.2193,0.0848,0.832,-0.183,0.522,True
solvent_class,water,pair,res,5,Be,15,3.0,0.5234,0.3289,-0.1344,0.613,-0.491,0.494,True
solvent_class,water,pair,res,6,ML,15,2.5,0.5234,0.2666,-0.0098,0.905,-0.08,0.566,True
solvent_class,water,pair,res,6,Be,15,2.5,0.5234,0.442,-0.3607,0.691,-0.417,0.536,True
solvent_class,water,pair,res,7,ML,15,2.14,0.5234,0.1337,0.256,0.982,0.102,0.61,True
solvent_class,water,pair,res,7,Be,15,2.14,0.5234,0.2663,-0.0093,0.853,-0.203,0.583,True
solvent_class,water,pair,res,8,ML,15,1.88,0.5234,,,,,,False
solvent_class,water,pair,res,8,Be,15,1.88,0.5234,,,,,,False
solvent_class,water,pair,res,10,ML,15,1.5,0.5234,,,,,,False
solvent_class,water,pair,res,10,Be,15,1.5,0.5234,,,,,,False
solvent_class,water,pair,res,12,ML,15,1.25,0.5234,,,,,,False
solvent_class,water,pair,res,12,Be,15,1.25,0.5234,,,,,,False
solvent_class,water,pair,res,16,ML,15,0.94,0.5234,,,,,,False
solvent_class,water,pair,res,16,Be,15,0.94,0.5234,,,,,,False
solvent_class,water,pair,res,20,ML,15,0.75,0.5234,,,,,,False
solvent_class,water,pair,res,20,Be,15,0.75,0.5234,,,,,,False
solvent_class,water,pair,res,24,ML,15,0.62,0.5234,,,,,,False
solvent_class,water,pair,res,24,Be,15,0.62,0.5234,,,,,,False
solvent_class,water,pair,res,32,ML,15,0.47,0.5234,,,,,,False
solvent_class,water,pair,res,32,Be,15,0.47,0.5234,,,,,,False
solvent_class,water,pair,res,40,ML,15,0.38,0.5234,,,,,,False
solvent_class,water,pair,res,40,Be,15,0.38,0.5234,,,,,,False
solvent_class,water,pair,res,48,ML,15,0.31,0.5234,,,,,,False
solvent_class,water,pair,res,48,Be,15,0.31,0.5234,,,,,,False
solute_role,organic_solute,row,full,3,ML,440,146.67,1.6647,0.7878,0.089,0.51,-0.828,0.849,True
solute_role,organic_solute,row,full,3,Be,440,146.67,1.6647,0.7932,0.0782,0.52,-0.829,0.777,True
solute_role,organic_solute,row,full,4,ML,440,110.0,1.6647,0.6063,0.452,0.881,-0.184,1.193,True
solute_role,organic_solute,row,full,4,Be,440,110.0,1.6647,0.6119,0.4409,0.869,-0.242,1.173,True
solute_role,organic_solute,row,full,5,ML,440,88.0,1.6647,0.447,0.7706,0.965,0.083,1.417,True
solute_role,organic_solute,row,full,5,Be,440,88.0,1.6647,0.4522,0.7603,0.966,0.082,1.381,True
solute_role,organic_solute,row,full,6,ML,440,73.33,1.6647,0.4015,0.8618,0.989,0.236,1.519,True
solute_role,organic_solute,row,full,6,Be,440,73.33,1.6647,0.407,0.8507,0.985,0.213,1.504,True
solute_role,organic_solute,row,full,7,ML,440,62.86,1.6647,0.4568,0.7511,0.996,0.337,1.623,True
solute_role,organic_solute,row,full,7,Be,440,62.86,1.6647,0.4642,0.7363,0.993,0.304,1.644,True
solute_role,organic_solute,row,full,8,ML,440,55.0,1.6647,0.4141,0.8364,0.996,0.399,1.703,True
solute_role,organic_solute,row,full,8,Be,440,55.0,1.6647,0.4218,0.8211,0.998,0.373,1.713,True
solute_role,organic_solute,row,full,10,ML,440,44.0,1.6647,0.3658,0.933,0.999,0.488,1.807,True
solute_role,organic_solute,row,full,10,Be,440,44.0,1.6647,0.3744,0.916,0.999,0.493,1.8,True
solute_role,organic_solute,row,full,12,ML,440,36.67,1.6647,0.3292,1.0063,0.999,0.564,1.897,True
solute_role,organic_solute,row,full,12,Be,440,36.67,1.6647,0.3384,0.9879,0.999,0.535,1.904,True
solute_role,organic_solute,row,full,16,ML,440,27.5,1.6647,0.3488,0.9671,1.0,0.642,1.915,True
solute_role,organic_solute,row,full,16,Be,440,27.5,1.6647,0.3619,0.9409,1.0,0.602,1.939,True
solute_role,organic_solute,row,full,20,ML,440,22.0,1.6647,0.3062,1.0523,1.0,0.678,2.006,True
solute_role,organic_solute,row,full,20,Be,440,22.0,1.6647,0.3208,1.0231,1.0,0.671,1.933,True
solute_role,organic_solute,row,full,24,ML,440,18.33,1.6647,0.2829,1.0989,1.0,0.727,2.049,True
solute_role,organic_solute,row,full,24,Be,440,18.33,1.6647,0.2992,1.0663,1.0,0.712,2.006,True
solute_role,organic_solute,row,full,32,ML,440,13.75,1.6647,0.2784,1.1079,1.0,0.764,2.078,True
solute_role,organic_solute,row,full,32,Be,440,13.75,1.6647,0.3,1.0646,1.0,0.741,2.08,True
solute_role,organic_solute,row,full,40,ML,440,11.0,1.6647,0.2576,1.1495,1.0,0.806,2.148,True
solute_role,organic_solute,row,full,40,Be,440,11.0,1.6647,0.2833,1.098,1.0,0.756,2.089,True
solute_role,organic_solute,row,full,48,ML,440,9.17,1.6647,0.2457,1.1733,1.0,0.834,2.153,True
solute_role,organic_solute,row,full,48,Be,440,9.17,1.6647,0.2756,1.1135,1.0,0.811,2.115,True
solute_role,organic_solute,row,res,3,ML,440,146.67,1.4002,0.8829,-0.3656,0.212,-1.586,0.501,True
solute_role,organic_solute,row,res,3,Be,440,146.67,1.4002,0.889,-0.3778,0.199,-1.577,0.446,True
solute_role,organic_solute,row,res,4,ML,440,110.0,1.4002,0.8785,-0.3568,0.459,-0.879,0.839,True
solute_role,organic_solute,row,res,4,Be,440,110.0,1.4002,0.8866,-0.3729,0.438,-0.943,0.846,True
solute_role,organic_solute,row,res,5,ML,440,88.0,1.4002,0.6448,0.1106,0.604,-0.608,1.065,True
solute_role,organic_solute,row,res,5,Be,440,88.0,1.4002,0.6522,0.0957,0.587,-0.619,1.072,True
solute_role,organic_solute,row,res,6,ML,440,73.33,1.4002,0.6099,0.1804,0.721,-0.41,1.197,True
solute_role,organic_solute,row,res,6,Be,440,73.33,1.4002,0.6184,0.1635,0.71,-0.447,1.181,True
solute_role,organic_solute,row,res,7,ML,440,62.86,1.4002,0.5977,0.2049,0.795,-0.298,1.33,True
solute_role,organic_solute,row,res,7,Be,440,62.86,1.4002,0.6073,0.1856,0.785,-0.322,1.301,True
solute_role,organic_solute,row,res,8,ML,440,55.0,1.4002,0.5972,0.2058,0.845,-0.216,1.388,True
solute_role,organic_solute,row,res,8,Be,440,55.0,1.4002,0.6083,0.1837,0.827,-0.22,1.376,True
solute_role,organic_solute,row,res,10,ML,440,44.0,1.4002,0.5693,0.2617,0.919,-0.065,1.47,True
solute_role,organic_solute,row,res,10,Be,440,44.0,1.4002,0.5825,0.2352,0.893,-0.117,1.415,True
solute_role,organic_solute,row,res,12,ML,440,36.67,1.4002,0.5485,0.3032,0.943,-0.022,1.513,True
solute_role,organic_solute,row,res,12,Be,440,36.67,1.4002,0.5639,0.2724,0.939,-0.032,1.488,True
solute_role,organic_solute,row,res,16,ML,440,27.5,1.4002,0.5403,0.3197,0.981,0.103,1.645,True
solute_role,organic_solute,row,res,16,Be,440,27.5,1.4002,0.5607,0.2789,0.979,0.086,1.561,True
solute_role,organic_solute,row,res,20,ML,440,22.0,1.4002,0.4981,0.404,0.992,0.176,1.631,True
solute_role,organic_solute,row,res,20,Be,440,22.0,1.4002,0.5218,0.3566,0.987,0.152,1.621,True
solute_role,organic_solute,row,res,24,ML,440,18.33,1.4002,0.4793,0.4417,0.998,0.236,1.647,True
solute_role,organic_solute,row,res,24,Be,440,18.33,1.4002,0.5069,0.3865,0.993,0.197,1.677,True
solute_role,organic_solute,row,res,32,ML,440,13.75,1.4002,0.4513,0.4977,1.0,0.321,1.757,True
solute_role,organic_solute,row,res,32,Be,440,13.75,1.4002,0.4867,0.4269,0.998,0.281,1.753,True
solute_role,organic_solute,row,res,40,ML,440,11.0,1.4002,0.4262,0.5479,1.0,0.402,1.778,True
solute_role,organic_solute,row,res,40,Be,440,11.0,1.4002,0.4688,0.4627,0.999,0.324,1.743,True
solute_role,organic_solute,row,res,48,ML,440,9.17,1.4002,0.4031,0.594,1.0,0.43,1.821,True
solute_role,organic_solute,row,res,48,Be,440,9.17,1.4002,0.4523,0.4956,1.0,0.375,1.796,True
solute_role,organic_solute,pair,full,3,ML,179,59.67,1.5762,0.8491,-0.122,0.233,-1.737,0.548,True
solute_role,organic_solute,pair,full,3,Be,179,59.67,1.5762,0.8636,-0.151,0.241,-1.735,0.549,True
solute_role,organic_solute,pair,full,4,ML,179,44.75,1.5762,0.782,0.0123,0.55,-0.857,0.956,True
solute_role,organic_solute,pair,full,4,Be,179,44.75,1.5762,0.7998,-0.0234,0.52,-0.881,0.923,True
solute_role,organic_solute,pair,full,5,ML,179,35.8,1.5762,0.6477,0.2808,0.741,-0.454,1.193,True
solute_role,organic_solute,pair,full,5,Be,179,35.8,1.5762,0.6663,0.2436,0.732,-0.504,1.13,True
solute_role,organic_solute,pair,full,6,ML,179,29.83,1.5762,0.5254,0.5255,0.868,-0.229,1.33,True
solute_role,organic_solute,pair,full,6,Be,179,29.83,1.5762,0.5436,0.4891,0.851,-0.278,1.29,True
solute_role,organic_solute,pair,full,7,ML,179,25.57,1.5762,0.6121,0.3521,0.924,-0.085,1.483,True
solute_role,organic_solute,pair,full,7,Be,179,25.57,1.5762,0.6368,0.3027,0.907,-0.141,1.394,True
solute_role,organic_solute,pair,full,8,ML,179,22.38,1.5762,0.4973,0.5816,0.94,-0.034,1.511,True
solute_role,organic_solute,pair,full,8,Be,179,22.38,1.5762,0.5203,0.5356,0.942,-0.034,1.438,True
solute_role,organic_solute,pair,full,10,ML,179,17.9,1.5762,0.4715,0.6333,0.981,0.128,1.662,True
solute_role,organic_solute,pair,full,10,Be,179,17.9,1.5762,0.4994,0.5775,0.971,0.083,1.58,True
solute_role,organic_solute,pair,full,12,ML,179,14.92,1.5762,0.4299,0.7164,0.988,0.21,1.729,True
solute_role,organic_solute,pair,full,12,Be,179,14.92,1.5762,0.4607,0.6548,0.983,0.164,1.636,True
solute_role,organic_solute,pair,full,16,ML,179,11.19,1.5762,0.4412,0.6938,0.994,0.308,1.874,True
solute_role,organic_solute,pair,full,16,Be,179,11.19,1.5762,0.4838,0.6086,0.995,0.252,1.765,True
solute_role,organic_solute,pair,full,20,ML,179,8.95,1.5762,0.3933,0.7897,0.998,0.374,1.945,True
solute_role,organic_solute,pair,full,20,Be,179,8.95,1.5762,0.4425,0.6912,0.998,0.298,1.874,True
solute_role,organic_solute,pair,full,24,ML,179,7.46,1.5762,0.3712,0.8339,1.0,0.435,2.041,True
solute_role,organic_solute,pair,full,24,Be,179,7.46,1.5762,0.4283,0.7197,0.998,0.363,1.982,True
solute_role,organic_solute,pair,full,32,ML,179,5.59,1.5762,0.3493,0.8777,0.999,0.52,2.173,True
solute_role,organic_solute,pair,full,32,Be,179,5.59,1.5762,0.4236,0.7289,1.0,0.465,2.086,True
solute_role,organic_solute,pair,full,40,ML,179,4.47,1.5762,0.3197,0.9368,1.0,0.586,2.211,True
solute_role,organic_solute,pair,full,40,Be,179,4.47,1.5762,0.4124,0.7514,1.0,0.53,2.181,True
solute_role,organic_solute,pair,full,48,ML,179,3.73,1.5762,0.2635,1.0493,1.0,0.625,2.309,True
solute_role,organic_solute,pair,full,48,Be,179,3.73,1.5762,0.3566,0.8629,1.0,0.548,2.195,True
solute_role,organic_solute,pair,res,3,ML,179,59.67,1.3304,1.0187,-0.7069,0.062,-2.011,0.055,True
solute_role,organic_solute,pair,res,3,Be,179,59.67,1.3304,1.0361,-0.7417,0.055,-2.063,0.026,True
solute_role,organic_solute,pair,res,4,ML,179,44.75,1.3304,0.9628,-0.5952,0.21,-1.211,0.453,True
solute_role,organic_solute,pair,res,4,Be,179,44.75,1.3304,0.9847,-0.6391,0.201,-1.267,0.44,True
solute_role,organic_solute,pair,res,5,ML,179,35.8,1.3304,0.7881,-0.2457,0.379,-0.805,0.674,True
solute_role,organic_solute,pair,res,5,Be,179,35.8,1.3304,0.8107,-0.291,0.337,-0.898,0.588,True
solute_role,organic_solute,pair,res,6,ML,179,29.83,1.3304,0.7056,-0.0808,0.512,-0.651,0.801,True
solute_role,organic_solute,pair,res,6,Be,179,29.83,1.3304,0.73,-0.1297,0.473,-0.68,0.789,True
solute_role,organic_solute,pair,res,7,ML,179,25.57,1.3304,0.7098,-0.0893,0.625,-0.485,0.934,True
solute_role,organic_solute,pair,res,7,Be,179,25.57,1.3304,0.7386,-0.1467,0.569,-0.54,0.84,True
solute_role,organic_solute,pair,res,8,ML,179,22.38,1.3304,0.6926,-0.0549,0.684,-0.378,1.029,True
solute_role,organic_solute,pair,res,8,Be,179,22.38,1.3304,0.7248,-0.1192,0.633,-0.446,0.97,True
solute_role,organic_solute,pair,res,10,ML,179,17.9,1.3304,0.6404,0.0497,0.802,-0.252,1.134,True
solute_role,organic_solute,pair,res,10,Be,179,17.9,1.3304,0.6782,-0.026,0.741,-0.301,1.038,True
solute_role,organic_solute,pair,res,12,ML,179,14.92,1.3304,0.5942,0.142,0.868,-0.149,1.195,True
solute_role,organic_solute,pair,res,12,Be,179,14.92,1.3304,0.6368,0.0569,0.814,-0.229,1.14,True
solute_role,organic_solute,pair,res,16,ML,179,11.19,1.3304,0.5721,0.1862,0.939,-0.029,1.309,True
solute_role,organic_solute,pair,res,16,Be,179,11.19,1.3304,0.6281,0.0741,0.885,-0.129,1.249,True
solute_role,organic_solute,pair,res,20,ML,179,8.95,1.3304,0.566,0.1985,0.974,0.066,1.462,True
solute_role,organic_solute,pair,res,20,Be,179,8.95,1.3304,0.6369,0.0567,0.937,-0.031,1.345,True
solute_role,organic_solute,pair,res,24,ML,179,7.46,1.3304,0.5333,0.2637,0.984,0.12,1.562,True
solute_role,organic_solute,pair,res,24,Be,179,7.46,1.3304,0.6161,0.0981,0.958,0.034,1.468,True
solute_role,organic_solute,pair,res,32,ML,179,5.59,1.3304,0.4974,0.3357,0.996,0.242,1.671,True
solute_role,organic_solute,pair,res,32,Be,179,5.59,1.3304,0.6062,0.1181,0.987,0.138,1.596,True
solute_role,organic_solute,pair,res,40,ML,179,4.47,1.3304,0.4772,0.376,0.999,0.3,1.735,True
solute_role,organic_solute,pair,res,40,Be,179,4.47,1.3304,0.6145,0.1015,0.996,0.205,1.665,True
solute_role,organic_solute,pair,res,48,ML,179,3.73,1.3304,0.4686,0.3933,1.0,0.396,1.872,True
solute_role,organic_solute,pair,res,48,Be,179,3.73,1.3304,0.6405,0.0495,0.999,0.28,1.749,True
